Date,log_return_pct
2000-08-31,0.0
2000-09-01,0.4509599672831921
2000-09-05,1.89420921379914
2000-09-06,-0.49792982096498783
2000-09-07,0.49792982096497757
2000-09-08,0.6600664554407413
2000-09-11,0.10958764186367533
2000-09-12,1.6834510182049265
2000-09-13,-0.10775724340723129
2000-09-14,-0.21586990265189637
2000-09-15,-0.5960417553644247
2000-09-18,-0.16317767795295363
2000-09-19,0.3260895200859022
2000-09-20,-2.194277877183775
2000-09-21,2.62740779041524
2000-09-22,-0.6504068953061681
2000-09-25,0.8123513864406919
2000-09-26,-1.1391513545134002
2000-09-27,-0.43739255187754983
2000-09-28,-0.16451996689442402
2000-09-29,0.49274360524841493
2000-10-02,-2.2646651004552427
2000-10-03,0.3903037387205409
2000-10-04,-0.2228450879690298
2000-10-05,1.4396717632674454
2000-10-06,-0.551268783360642
2000-10-09,-1.3355818315982608
2000-10-10,1.1142166193409713
2000-10-11,-0.4441926796804783
2000-10-12,-2.1373202161229217
2000-10-13,1.1305999575585783
2000-10-16,0.2245901258970976
2000-10-17,-1.2415483967414007
2000-10-18,-1.1996731927299906
2000-10-19,0.11487504161762425
2000-10-20,-1.2709561664284938
2000-10-23,0.6374937882307147
2000-10-24,-0.347218103683317
2000-10-25,-1.4010765467997806
2000-10-26,-2.56042467251538
2000-10-27,1.4965844397634023
2000-10-30,0.11876333364228209
2000-10-31,0.4736549083314427
2000-11-01,-1.607653003235656
2000-11-02,0.3594995996063413
2000-11-03,0.0
2000-11-06,-1.3245271429738097
2000-11-07,0.4233432175611075
2000-11-08,0.7215956754751999
2000-11-09,0.41853390976319943
2000-11-10,-0.17915925970705548
2000-11-13,-2.1142416476299912
2000-11-14,0.8510652662479036
2000-11-15,0.0
2000-11-16,-0.9121368246237435
2000-11-17,0.42670522854999227
2000-11-20,0.0
2000-11-21,0.847972299229427
2000-11-22,-1.1525716856171375
2000-11-27,3.2415743673542616
2000-11-28,1.6984328738083037
2000-11-29,-1.0507981498540688
2000-11-30,-1.299484023719911
2000-12-01,2.1759129928556478
2000-12-04,0.11627758791693855
2000-12-05,0.9829555406839166
2000-12-06,0.9163817443618281
2000-12-07,0.1708927246384324
2000-12-08,1.019261765952602
2000-12-11,0.22510238477210756
2000-12-12,-0.6768262673488725
2000-12-13,-0.3401320034954338
2000-12-14,0.9607284847964135
2000-12-15,-1.873457709560689
2000-12-18,0.2289610931334573
2000-12-19,-0.057187735430536416
2000-12-20,-1.2665727482027818
2000-12-21,-0.8144279520746972
2000-12-22,0.46620224979797364
2000-12-26,0.4061490600896782
2000-12-27,-1.8703026282515256
2000-12-28,0.5882364128172348
2000-12-29,-0.7063056976860115
2001-01-02,-3.424781801406459
2001-01-03,0.6701163065908193
2001-01-04,-1.0375412087463558
2001-01-05,2.0644351138104002
2001-01-08,0.12011858651592396
2001-01-09,-0.36079666356923135
2001-01-10,0.12040785960968695
2001-01-11,0.18034396643545328
2001-01-12,1.4311543515373508
2001-01-16,-2.3361370573807485
2001-01-17,0.7847919292851576
2001-01-18,4.180766690312374
2001-01-19,-1.6279427918735476
2001-01-22,-0.4111588489007961
2001-01-23,0.17641997875629137
2001-01-24,-1.3010280844986617
2001-01-25,-0.1191170062188772
2001-01-26,0.0
2001-01-29,-0.6576955181611299
2001-01-30,0.8363214072638561
2001-01-31,0.9473150964909438
2001-02-01,0.17662771239802091
2001-02-02,-0.7083904406621074
2001-02-05,-1.7329339927681688
2001-02-06,0.1806626079845873
2001-02-07,-0.18066260798457878
2001-02-08,0.0
2001-02-09,-1.151880166363581
2001-02-12,-0.3053434597129846
2001-02-13,0.852627455619716
2001-02-14,-0.364522995428383
2001-02-15,0.6672780006225543
2001-02-16,-0.24213496616067157
2001-02-20,-0.7299281045375555
2001-02-21,-2.222314496193981
2001-02-22,0.0
2001-02-23,-0.6890122676058554
2001-02-26,1.062847088667381
2001-02-27,-0.3738348210615257
2001-02-28,1.1173304732169047
2001-03-01,1.3488834448885885
2001-03-02,0.4254086435925614
2001-03-05,1.0856563877342902
2001-03-06,1.2518737754907292
2001-03-07,-1.1919081059688097
2001-03-08,-1.5710307008487678
2001-03-09,0.6071658443363869
2001-03-12,-0.6071658443363828
2001-03-13,-1.1638682238971874
2001-03-14,-0.9285108731467873
2001-03-15,-0.18674272004068782
2001-03-16,-2.3960785008127363
2001-03-19,0.9526896738726846
2001-03-20,0.37855198627082925
2001-03-21,-1.0763053533628515
2001-03-22,-0.895142733576324
2001-03-23,0.2565715623289015
2001-03-26,-0.4494369980029967
2001-03-27,1.1516446160633655
2001-03-28,-2.38183516994368
2001-03-29,0.2602517870769813
2001-03-30,-1.4398203202157809
2001-04-02,-0.46250294516462404
2001-04-03,0.791558547852066
2001-04-04,0.0
2001-04-05,0.3934458882301887
2001-04-06,-2.384219795662484
2001-04-09,1.3315763504765905
2001-04-10,1.1834462284774774
2001-04-11,-0.39292275260955434
2001-04-12,0.26211996931795306
2001-04-16,0.13080278329159284
2001-04-17,-0.4585641539459873
2001-04-18,2.7842512659424883
2001-04-19,-1.5444276812656876
2001-04-20,0.32372932515195957
2001-04-23,-2.156241082428842
2001-04-24,0.46128380209084785
2001-04-25,0.3281916400779668
2001-04-26,-0.6574639252420992
2001-04-27,0.13183747624920383
2001-04-30,0.9832911541757137
2001-05-01,0.9737166085052589
2001-05-02,1.538494999562456
2001-05-03,-0.44628504388705953
2001-05-04,-0.9630960387242324
2001-05-07,0.1933626804697085
2001-05-08,-2.082049551186913
2001-05-09,-0.792088896204895
2001-05-10,-0.5315558714315805
2001-05-11,0.6640124121693852
2001-05-14,-1.1314649281792897
2001-05-15,0.06691514083645105
2001-05-16,0.1336881390041399
2001-05-17,1.6562138567392342
2001-05-18,2.530140482334653
2001-05-21,1.840740241199447
2001-05-22,-1.3933141449813435
2001-05-23,0.0
2001-05-24,0.4454406777813653
2001-05-25,-0.1906591559390938
2001-05-29,-3.23234810039503
2001-05-30,-0.4609800470617291
2001-05-31,-0.7287238232331078
2001-06-01,-0.6001981254485413
2001-06-04,0.0
2001-06-05,1.2628983407190628
2001-06-06,-0.9957005493070208
2001-06-07,-0.401064894882242
2001-06-08,-2.57816088789566
2001-06-11,0.2059665530266918
2001-06-12,-0.4812638835335457
2001-06-13,-0.5528705440304785
2001-06-14,0.4149412623541675
2001-06-15,-1.1103537112466288
2001-06-18,0.13946824524598728
2001-06-19,0.7636300549831596
2001-06-20,-1.3927788563202481
2001-06-21,0.9075113871977118
2001-06-22,-0.9075113871977063
2001-06-25,-0.07015410649718322
2001-06-26,0.4900316916965282
2001-06-27,0.9729012711208898
2001-06-28,-2.0965108553513643
2001-06-29,-0.4955740665837951
2001-07-02,1.0589569735197246
2001-07-03,-0.9171148069304077
2001-07-05,-1.0687658181606168
2001-07-06,0.7848715345791091
2001-07-09,-0.28469404161518
2001-07-10,1.2044042309989662
2001-07-11,-0.5649744195263907
2001-07-12,-1.1396073044365091
2001-07-13,0.28611954398477624
2001-07-16,0.2853117258044294
2001-07-17,1.4846443408997962
2001-07-18,-1.7699560667042253
2001-07-19,-1.5839031774277965
2001-07-20,0.7230682512599204
2001-07-23,-1.8175691726796055
2001-07-24,-0.14684976771803493
2001-07-25,0.2201851227796739
2001-07-26,-0.2936821887028697
2001-07-27,-0.8862660987689253
2001-07-30,0.0
2001-07-31,0.5917100854684862
2001-08-01,0.734765220608561
2001-08-02,-0.8085333931470855
2001-08-03,-0.6664269777640857
2001-08-06,-0.8955257571049545
2001-08-07,-0.30029665585094
2001-08-08,-1.1342265357454009
2001-08-09,0.9837303850060122
2001-08-10,-0.8317566336133078
2001-08-13,-0.6857217682894936
2001-08-14,1.215822926069822
2001-08-15,-0.9104740091552697
2001-08-16,1.2874058717195007
2001-08-17,2.8923064647773007
2001-08-20,-1.3986281249688974
2001-08-21,-0.6693921386617105
2001-08-22,0.8175384104808722
2001-08-23,1.1773522904894842
2001-08-24,-0.21970137284710767
2001-08-27,1.7442338176179715
2001-08-28,-0.7230682512599256
2001-08-29,0.7950917837194904
2001-08-30,-1.9629906329327502
2001-08-31,-0.3677823391641149
2001-09-04,-0.8139177302865609
2001-09-05,-0.29761543958140735
2001-09-06,-1.6529267899874245
2001-09-07,-1.219529747199544
2001-09-10,-0.076720121339041
2001-09-11,0.5357815883996758
2001-09-14,0.3048834512674248
2001-09-17,-0.9942729248657165
2001-09-18,0.0
2001-09-19,-0.30792544925301363
2001-09-20,-0.15432822925677006
2001-09-21,1.4565266033755024
2001-09-24,-0.6106901573106522
2001-09-25,-0.8458364460648574
2001-09-26,0.9223804005512012
2001-09-27,-0.5370238230041557
2001-09-28,-0.6172779615294876
2001-10-01,-0.23246975805500322
2001-10-02,-0.07761325352971113
2001-10-03,-1.2500188376603323
2001-10-04,0.47059240367072347
2001-10-05,-0.6279468264664291
2001-10-08,0.31447098748796043
2001-10-09,-0.23575813598879689
2001-10-10,-0.1574783149829911
2001-10-11,0.55009720428775
2001-10-12,-0.392618889304767
2001-10-15,-0.1574783149829911
2001-10-16,0.7849326079003984
2001-10-17,-0.7061671444165646
2001-10-18,-1.1084783997027388
2001-10-19,-1.2014549892635247
2001-10-22,0.08054188954297244
2001-10-23,0.7220298381149425
2001-10-24,-1.206295686987626
2001-10-25,0.4842658488726669
2001-10-26,1.5182116020090182
2001-10-29,-0.3177181147859069
2001-10-30,0.8712955949792862
2001-10-31,-1.910890069405655
2001-11-01,-0.6451648616694182
2001-11-02,-1.0573414715309042
2001-11-05,0.40799689717762927
2001-11-06,-0.08147020512213032
2001-11-07,-1.5606110450669552
2001-11-08,1.3974809735807754
2001-11-09,4.1572674756933745
2001-11-12,2.7039179927196417
2001-11-13,2.855189196741189
2001-11-14,0.0
2001-11-15,-0.6689034969260054
2001-11-16,1.4069135124713976
2001-11-19,0.14694890584764694
2001-11-20,-1.4048241307678837
2001-11-21,0.5939064959807278
2001-11-26,0.8843155625807391
2001-11-27,2.9637158246519046
2001-11-28,0.21344026478991082
2001-11-29,1.341358182607079
2001-11-30,1.2543723109941785
2001-12-03,-2.5246792116023604
2001-12-04,-0.6412521868077348
2001-12-05,-0.7893860119533559
2001-12-06,-0.9410139211101003
2001-12-07,-1.612934880150802
2001-12-10,-0.07394061070150175
2001-12-11,0.6634704715647752
2001-12-12,-1.4804105783945987
2001-12-13,-0.07459362694898158
2001-12-14,0.14914053623593002
2001-12-17,0.4461005044155311
2001-12-18,1.253238634480988
2001-12-19,-1.6248477606323264
2001-12-20,-0.1490382875511506
2001-12-21,0.8908807175313307
2001-12-26,1.0294163564900571
2001-12-27,-1.1033569671915442
2001-12-28,-0.7423931975428738
2001-12-31,-2.7192017761695713
2002-01-02,-0.07660258914016152
2002-01-03,0.8393820726815321
2002-01-04,1.807281756392265
2002-01-07,5.728278014000462
2002-01-08,-0.8492679514970427
2002-01-09,0.990111230222198
2002-01-10,-1.4174568107576517
2002-01-11,0.49839686253435234
2002-01-14,-0.07105128199889213
2002-01-15,-0.9282388847762881
2002-01-16,1.070291001768468
2002-01-17,-0.07100083499328089
2002-01-18,-1.3586146663015375
2002-01-22,0.6458539521728174
2002-01-23,0.8547035541350353
2002-01-24,0.9880149685066776
2002-01-25,-0.49278306584703974
2002-01-28,-1.493097559243987
2002-01-29,-0.28694910138951396
2002-01-30,-0.28776628079357147
2002-01-31,5.125723893976465
2002-02-01,0.40983950921221746
2002-02-04,-1.027757285250703
2002-02-05,0.5494530339292601
2002-02-06,-0.48061120466314794
2002-02-07,1.1632070451709278
2002-02-08,-0.4773257799946575
2002-02-11,-0.823620563997052
2002-02-12,0.6868152455931635
2002-02-13,2.567707867691599
2002-02-14,-0.8710280798887897
2002-02-15,-1.4232641894370104
2002-02-19,-3.6848168057226864
2002-02-20,0.21224069403776025
2002-02-21,0.8444866437233242
2002-02-22,-2.053172539748305
2002-02-25,0.8547035541350353
2002-02-26,-0.5689927476570169
2002-02-27,1.7674617332702702
2002-02-28,0.07004746444536529
2002-03-01,1.7355504583780552
2002-03-04,1.3670821345526325
2002-03-05,-0.13587593504853715
2002-03-06,1.216231692644439
2002-03-07,-0.26899468354254197
2002-03-08,0.6042276736094621
2002-03-11,-0.8739559398779129
2002-03-12,-0.6095476974738028
2002-03-13,-0.06796104535965033
2002-03-14,0.6099688866796672
2002-03-15,0.8075390251792363
2002-03-18,1.859283139453196
2002-03-19,0.7863713525899618
2002-03-20,-0.5891960670350711
2002-03-21,-0.39474012026323496
2002-03-22,-1.7958547604888717
2002-03-25,-1.5556621996343947
2002-03-26,1.0847585803254651
2002-03-27,0.8727823811580407
2002-03-28,1.6573117483937208
2002-04-01,0.06571985293346039
2002-04-02,0.0
2002-04-03,-2.798312932611533
2002-04-04,-1.2920991394114032
2002-04-05,-1.3090048581918914
2002-04-08,-0.069375425912426
2002-04-09,0.6226282889446617
2002-04-10,-0.4146544884533607
2002-04-11,-0.13859837457887447
2002-04-12,-0.8356653095447604
2002-04-15,-0.13995623741377763
2002-04-16,1.3908417132114814
2002-04-17,1.4398622506935552
2002-04-18,-1.2328928043477603
2002-04-19,0.8236205639970552
2002-04-22,1.4251960442068112
2002-04-23,-1.6304661047199207
2002-04-24,0.6825958405077651
2002-04-25,-0.8882881258480373
2002-04-26,0.8882881258480404
2002-04-29,-0.13614530314742168
2002-04-30,-0.20457019688532901
2002-05-01,-1.3054155366527491
2002-05-02,0.9635351961777234
2002-05-03,-1.518322775086113
2002-05-06,-1.2596392706351613
2002-05-07,1.4680465037261752
2002-05-08,0.9668623690180259
2002-05-09,-0.34423408007336365
2002-05-10,1.0973987475000069
2002-05-13,-0.1365170373520455
2002-05-14,1.0869694244230867
2002-05-15,0.40458064839141883
2002-05-16,-1.2186939925516733
2002-05-17,-1.3717704871900807
2002-05-20,-0.2766217916740743
2002-05-21,0.13840654532607638
2002-05-22,0.1382152463480037
2002-05-23,1.0989144069272534
2002-05-24,0.40900138341024356
2002-05-28,2.485847914042272
2002-05-29,-0.7994689361612733
2002-05-30,0.20046922518880372
2002-05-31,1.6551172881303613
2002-06-03,1.4341807407398937
2002-06-04,1.4139100884857256
2002-06-05,-0.38363486446676287
2002-06-06,-0.513810784081207
2002-06-07,0.12869849277867004
2002-06-10,0.06429101788415181
2002-06-11,-1.946847421771766
2002-06-12,-0.13114586823227786
2002-06-13,0.32754664594864186
2002-06-14,-0.13089618778827833
2002-06-17,-0.5252734988220392
2002-06-18,-0.13175848093800843
2002-06-19,-0.3301419542682525
2002-06-20,-0.7968146311908312
2002-06-21,-1.0723985212657055
2002-06-24,-0.3374957866341173
2002-06-25,1.2096926393071314
2002-06-26,0.20020166859269015
2002-06-27,0.33277869243214536
2002-06-28,1.9737464261657442
2002-07-01,0.06512841236811767
2002-07-02,-1.5748388997751772
2002-07-03,-0.9970162997835295
2002-07-08,0.9970162997835214
2002-07-09,-0.0661546514448382
2002-07-10,-0.39788128731384814
2002-07-11,-0.9345821512269746
2002-07-12,-0.8080908491049912
2002-07-15,-0.8146660667643574
2002-07-16,0.6793497896353539
2002-07-17,-1.020763245028508
2002-07-18,-0.47994396890535174
2002-07-19,-1.8031017155999098
2002-07-22,-1.9075159721798456
2002-07-23,-1.0756637348528373
2002-07-24,-0.14429831386447448
2002-07-25,-0.797397296362903
2002-07-26,0.0
2002-07-29,1.1577577061213282
2002-07-30,-0.8670549034114551
2002-07-31,-1.6831719408998576
2002-08-01,0.6620063745418064
2002-08-02,-0.44084735218700777
2002-08-05,-1.4837052734363576
2002-08-06,0.5218028428126114
2002-08-07,-0.596572693271787
2002-08-08,0.5965726932717961
2002-08-09,0.4450988651683941
2002-08-12,0.07399532329792947
2002-08-13,-0.29629269312734796
2002-08-14,-0.8193741886107716
2002-08-15,1.7791373533028783
2002-08-16,-0.8856120666818679
2002-08-19,0.0
2002-08-20,1.0324618343998988
2002-08-21,-1.032461834399903
2002-08-22,1.3254985623086384
2002-08-23,0.14619697730549053
2002-08-26,0.5100257816955365
2002-08-27,0.0
2002-08-28,-0.7293971132428706
2002-08-29,0.1463039169020976
2002-08-30,0.43763182814079765
2002-09-03,-1.8362599531096961
2002-09-04,-0.2226361628443756
2002-09-05,-0.7457149213754245
2002-09-06,0.894199986209536
2002-09-09,2.2011138538298227
2002-09-10,1.6553095874866748
2002-09-11,-0.285923550204156
2002-09-12,-0.21496975403668311
2002-09-13,-0.7199534109209051
2002-09-16,-1.6023617215382062
2002-09-17,-0.07345183992444963
2002-09-18,-1.5550042053435724
2002-09-19,-0.07465821343908298
2002-09-20,0.8181553373140631
2002-09-23,-0.6689034969260054
2002-09-24,-0.7485057940537532
2002-09-25,0.6739121671047646
2002-09-26,0.2980589746731145
2002-09-27,-1.7261218239372638
2002-09-30,-0.07572340448735243
2002-10-01,0.604223665873557
2002-10-02,0.8249043744388522
2002-10-03,-1.1265598502718446
2002-10-04,-0.9104740091552697
2002-10-07,0.456268682294799
2002-10-08,0.0
2002-10-09,-0.07589583091984646
2002-10-10,1.1325138348376884
2002-10-11,1.7857565127734916
2002-10-14,-1.785756512773495
2002-10-15,0.8224373011536655
2002-10-16,-0.22363191450013278
2002-10-17,3.2308177668062177
2002-10-18,-0.5797043068348426
2002-10-21,1.586187170402207
2002-10-22,-0.8620717573256741
2002-10-23,-0.3614022790559046
2002-10-24,1.2234740363815706
2002-10-25,1.6318206623520195
2002-10-28,-0.14084327872515823
2002-10-29,-1.1339619931122211
2002-10-30,-0.14265153892027752
2002-10-31,1.9088561525993075
2002-11-01,1.321762088541114
2002-11-04,0.3449465405708429
2002-11-05,-0.41408216224846317
2002-11-06,0.6891819583084208
2002-11-07,-2.0118558896172543
2002-11-08,0.07004746444536529
2002-11-11,0.6978388879551037
2002-11-12,0.0
2002-11-13,-0.48797375217676847
2002-11-14,-0.7012644776199847
2002-11-15,0.9106901018666541
2002-11-18,1.3850623669593132
2002-11-19,-0.13764449787238556
2002-11-20,1.6393761717103388
2002-11-21,0.1354159626475764
2002-11-22,-0.47474410558770347
2002-11-25,0.06796104535965808
2002-11-26,-1.0242483255408708
2002-11-27,2.8418648951410894
2002-12-02,0.929625442374376
2002-12-03,-0.46372851293639783
2002-12-04,0.0
2002-12-05,-1.741505657718167
2002-12-06,0.06753985615378076
2002-12-09,-1.3596389955651873
2002-12-10,0.8858668969804296
2002-12-11,-0.1357755988890466
2002-12-12,-0.4084445457510312
2002-12-13,-1.2354314442793028
2002-12-16,-0.13821524634799703
2002-12-17,0.20725541101748263
2002-12-18,-0.9012200675977916
2002-12-19,-0.6287092747285215
2002-12-20,-0.35100036475706486
2002-12-23,0.3510003647570699
2002-12-24,-1.6249033724083877
2002-12-26,-0.8583803711787182
2002-12-27,0.5016197311597811
2002-12-30,-0.07150852732096993
2002-12-31,-0.2865294526464655
2003-01-02,2.409749456840128
2003-01-03,1.7355504583780552
2003-01-06,1.0951535055269812
2003-01-07,-0.4092722403507102
2003-01-08,1.4251960442068112
2003-01-09,0.5376368019799441
2003-01-10,-0.8075390251792403
2003-01-13,1.0752813312843381
2003-01-14,1.0638340443714915
2003-01-15,0.6591975569557184
2003-01-16,-0.5270036550243135
2003-01-17,-0.33080509411404035
2003-01-21,1.3820574206601337
2003-01-22,0.521514631763843
2003-01-23,-0.32562681095828305
2003-01-24,-0.1958878208055544
2003-01-27,-1.11732743347874
2003-01-28,-0.46372851293639783
2003-01-29,1.2537237184673589
2003-01-30,3.289558127711187
2003-01-31,0.44317702544406656
2003-02-03,-0.6337150982096144
2003-02-04,-1.150908307487526
2003-02-05,-0.06432470670046027
2003-02-06,-1.4258228997208027
2003-02-07,-0.5891960670350711
2003-02-10,1.6281685832567998
2003-02-11,0.0
2003-02-12,-0.5181369343179578
2003-02-13,-2.7651489370691955
2003-02-14,0.7978742227025052
2003-02-18,-2.1419791658514202
2003-02-19,0.7414875870567527
2003-02-20,0.8692807475500672
2003-02-21,3.339099077350136
2003-02-24,1.0887125797024637
2003-02-25,-0.8314733579501721
2003-02-26,2.0973118035283624
2003-02-27,-0.884406152248923
2003-02-28,-1.6635075535014336
2003-03-03,1.6000402385503831
2003-03-04,-1.3423037720024626
2003-03-05,-2.1464233372651242
2003-03-06,-1.1904906730153133
2003-03-07,1.9763470182761034
2003-03-10,-1.8433699880417227
2003-03-11,1.1889180132901858
2003-03-12,-1.1224917924691484
2003-03-13,-0.5994065818458654
2003-03-14,0.26684923616930045
2003-03-17,2.3050059633894127
2003-03-18,-0.9813611957529272
2003-03-19,1.6949572803379793
2003-03-20,-1.1049887558827527
2003-03-21,1.3632166874677105
2003-03-24,-1.297875506869914
2003-03-25,0.2609230783317642
2003-03-26,-2.4399457010059207
2003-03-27,-2.706530663527975
2003-03-28,-0.4812638835335457
2003-03-31,-1.8081176555112253
2003-04-01,1.3937577605060643
2003-04-02,-0.7641605045271098
2003-04-03,-1.122033681409034
2003-04-04,0.9824681171266154
2003-04-07,1.5246279312417519
2003-04-08,-0.8981070059382235
2003-04-09,-0.41724970916578835
2003-04-10,-0.5590438763256856
2003-04-11,1.5299293423263196
2003-04-14,-0.13811978933985353
2003-04-15,1.3045110689496708
2003-04-16,0.0
2003-04-17,0.40844454575102473
2003-04-21,-1.1616092131776856
2003-04-22,-0.8974869431055962
2003-04-23,0.20782971759358643
2003-04-24,-1.1134444900879015
2003-04-25,0.0
2003-04-28,0.13985836131412316
2003-04-29,1.1118969527627722
2003-04-30,0.2071123214496499
2003-05-01,-0.06899253210980413
2003-05-02,-1.3199256404671775
2003-05-05,-0.21000370185912887
2003-05-06,0.767886352400464
2003-05-07,1.586787517195315
2003-05-08,0.7500912980913893
2003-05-09,-0.27210550284024343
2003-05-12,1.8225242810284148
2003-05-13,1.6584112277642789
2003-05-14,-0.46158799397785866
2003-05-15,0.06607510693265811
2003-05-16,0.06602360796258445
2003-05-19,0.39526019412827124
2003-05-20,-0.06577091504564926
2003-05-21,0.9820036984304599
2003-05-22,-0.3916403655904797
2003-05-23,-0.06542667663069628
2003-05-27,1.4295211295535577
2003-05-28,-1.0376171733063395
2003-05-29,0.39036632203722055
2003-05-30,1.2903392926887591
2003-06-02,0.9569517971307478
2003-06-03,-0.7648274299571658
2003-06-04,-0.4488606174606954
2003-06-05,0.2567362502871227
2003-06-06,0.06408502313127565
2003-06-09,-1.6144991395151933
2003-06-10,-0.39139267129769106
2003-06-11,0.06534118059779569
2003-06-12,1.03964757528495
2003-06-13,-1.7607281953836362
2003-06-16,-0.06580635377033324
2003-06-17,2.5992341091053097
2003-06-18,-0.38560728910242276
2003-06-19,0.5138107840811988
2003-06-20,-0.9655682180283389
2003-06-23,-0.9096916796954513
2003-06-24,0.1304692598665396
2003-06-25,-1.2463298915391283
2003-06-26,-0.8617893320349593
2003-06-27,0.7296906171397154
2003-06-30,-1.129952839370228
2003-07-01,-0.2677423061051151
2003-07-02,1.3976951454753317
2003-07-03,-1.3306903372566126
2003-07-07,2.643905591540909
2003-07-08,-0.1958878208055544
2003-07-09,1.55645481280989
2003-07-10,0.06432470670045012
2003-07-11,-0.19310606438424918
2003-07-14,2.293094880297053
2003-07-15,-0.5050525858593691
2003-07-16,-0.12666838076897444
2003-07-17,-1.4039768314003136
2003-07-18,0.6406165746019934
2003-07-21,-1.2853635192119575
2003-07-22,-0.5188089610206916
2003-07-23,0.8417020557038709
2003-07-24,1.8524990620960615
2003-07-25,0.5680004951676665
2003-07-28,1.2507968705860952
2003-07-29,-0.18662655873525316
2003-07-30,-0.43681627329144374
2003-07-31,2.2875841377088846
2003-08-01,-0.2448023072426286
2003-08-04,-1.0471275262694701
2003-08-05,-0.12391415606761574
2003-08-06,-0.4972052553276653
2003-08-07,1.2999271399110084
2003-08-08,-1.6744620327125272
2003-08-11,0.623442832026698
2003-08-12,-2.135754530505194
2003-08-13,0.44345776433997885
2003-08-14,0.7556688804141745
2003-08-15,-0.8821694800027227
2003-08-18,0.5680004951676665
2003-08-19,0.8147968303400801
2003-08-20,0.37383482106152705
2003-08-21,-0.31142940770077915
2003-08-22,0.06235906129109397
2003-08-25,0.24907034640969292
2003-08-26,-1.314574630982913
2003-08-27,0.0
2003-08-28,-0.8225298755245228
2003-08-29,2.0126431669566647
2003-09-02,0.8062066506562949
2003-09-03,1.8360424295309905
2003-09-04,-1.3431260661829962
2003-09-05,1.6458810713771657
2003-09-08,-0.36341904798333025
2003-09-09,-1.282462023393826
2003-09-10,-1.2368729809488637
2003-09-11,2.3371290021285915
2003-09-12,-1.5314220434778663
2003-09-15,0.676719717871657
2003-09-16,-0.6150074843376844
2003-09-17,1.0432717894431172
2003-09-18,0.487212663965655
2003-09-19,0.24271544057190433
2003-09-22,0.12113716171034339
2003-09-23,-0.7290411966505692
2003-09-24,0.4259190867277015
2003-09-25,0.48455675611252985
2003-09-26,-1.3382167625526258
2003-09-29,0.30571685011506633
2003-09-30,-0.7352952552621338
2003-10-01,0.6742236968862945
2003-10-02,1.3349757943367613
2003-10-03,0.5410258867993585
2003-10-06,0.059936874813572086
2003-10-07,1.1319712311552328
2003-10-08,0.8846997295933998
2003-10-09,-0.11750731640354911
2003-10-10,1.168919290228659
2003-10-13,2.7508953628472144
2003-10-14,-1.538057624395005
2003-10-15,2.7740258747407145
2003-10-16,-0.44767932688695766
2003-10-17,0.056072147318209295
2003-10-20,1.832875065926081
2003-10-21,-0.6072354908040686
2003-10-22,0.8271337921138804
2003-10-23,-0.7717755443522618
2003-10-24,-1.4493019822578117
2003-10-27,1.6151799182742166
2003-10-28,-0.38748842532906086
2003-10-29,1.5956346211171009
2003-10-30,1.6242897086645485
2003-10-31,0.64239861714957
2003-11-03,-0.6423986171495646
2003-11-04,2.6498610995876968
2003-11-05,-0.10465591217925446
2003-11-06,-1.7428480696736688
2003-11-07,0.4783460045901941
2003-11-10,-1.71127517055689
2003-11-11,1.8172621558370727
2003-11-12,0.37007546844271016
2003-11-13,-0.5291012628531446
2003-11-14,0.950377096989077
2003-11-17,-3.4753530707444837
2003-11-18,1.5119076475701219
2003-11-19,-1.5663319596932581
2003-11-20,-3.7719367614457684
2003-11-21,1.0123757722090407
2003-11-24,1.1683041473777138
2003-11-25,-1.8984333259138373
2003-11-26,2.2297446171795476
2003-12-01,5.2092314768785535
2003-12-02,1.4545709425974132
2003-12-03,0.6682117557106722
2003-12-04,-1.3409186347066062
2003-12-05,0.6211181888302094
2003-12-08,-0.2583310823925277
2003-12-09,1.1828372553002646
2003-12-10,-0.05113411092436134
2003-12-11,-0.15357161610696426
2003-12-12,1.070075294748891
2003-12-15,1.1589951514749304
2003-12-16,0.9474043770190004
2003-12-17,-1.047659696459068
2003-12-18,1.9861607745907888
2003-12-19,0.8810691375106576
2003-12-22,-1.6708083450178899
2003-12-23,1.0842922990113362
2003-12-24,0.635233587340682
2003-12-29,1.4987051944683003
2003-12-30,-0.1921319941273727
2003-12-31,0.2880483086710532
2004-01-05,3.7633757384671576
2004-01-06,-1.4883915130183643
2004-01-07,-0.422637999826295
2004-01-08,3.8768172141372763
2004-01-09,-0.45373167221266325
2004-01-12,-1.7894396363123506
2004-01-13,0.3235486646919953
2004-01-14,0.8272054280277447
2004-01-15,-0.9657425510273092
2004-01-16,0.8283474722178503
2004-01-20,2.0413535847159667
2004-01-21,0.04489012591100384
2004-01-22,0.22417021175933638
2004-01-23,0.4468278348299398
2004-01-26,-0.7158881725002926
2004-01-27,-0.22477485632843958
2004-01-28,1.6514626493379818
2004-01-29,-0.8000098616864728
2004-01-30,1.9881404481148262
2004-02-02,-0.04375093043121337
2004-02-03,2.1645845549061917
2004-02-04,0.5125959837805807
2004-02-05,-0.08524531969327398
2004-02-06,0.6376160487829222
2004-02-09,0.42283322731352085
2004-02-10,-0.6349171292205541
2004-02-11,3.052712663183417
2004-02-12,2.3204755134271298
2004-02-13,0.16084390032054147
2004-02-17,4.363035201081721
2004-02-18,0.0
2004-02-19,2.1309785205735143
2004-02-20,-1.5557092389565141
2004-02-23,0.3816794879762768
2004-02-24,0.9856039897093845
2004-02-25,-1.329052640631942
2004-02-26,3.012282030432199
2004-02-27,-0.37160912615132324
2004-03-01,3.7629982378068876
2004-03-02,-1.6995502252452526
2004-03-03,-5.2407239345504735
2004-03-04,1.2602799016786408
2004-03-05,1.5440008083099301
2004-03-08,-3.498455772480813
2004-03-09,-1.7174562720407522
2004-03-10,1.0963350267979532
2004-03-11,3.9325519276082894
2004-03-12,-2.004225641147749
2004-03-15,2.861640096763142
2004-03-16,1.2541632601232877
2004-03-17,-1.1428658654851436
2004-03-18,1.545286616616271
2004-03-19,0.6912821801644758
2004-03-22,-1.7557093058374231
2004-03-23,0.40507947107376485
2004-03-24,-0.3681885826255592
2004-03-25,-0.7404691778000805
2004-03-26,0.5189018019194439
2004-03-29,0.5162318735592016
2004-03-30,-1.1466793650350704
2004-03-31,1.0730924073332144
2004-04-01,0.9159285450554229
2004-04-02,-1.395546193282969
2004-04-05,-2.622852955270042
2004-04-06,0.7564325222155905
2004-04-07,-0.6805366912957379
2004-04-08,-0.4181689482867723
2004-04-12,-1.1879771178835465
2004-04-13,-0.463682579191292
2004-04-14,0.9252159136429332
2004-04-15,-0.6544762596854818
2004-04-16,4.235037001793489
2004-04-19,1.2874956438126857
2004-04-20,-3.799339485121853
2004-04-21,-6.550078657745688
2004-04-22,-0.3248032417448669
2004-04-23,1.0920209417719455
2004-04-26,-0.12074949826186292
2004-04-27,-0.44400301284593147
2004-04-28,-4.8486756961466355
2004-04-29,1.2239040037634354
2004-04-30,1.4574418963867706
2004-05-03,1.5179852216431522
2004-05-04,0.2846096359358928
2004-05-05,1.210667363790904
2004-05-06,-0.643866704552878
2004-05-07,-3.784902939552875
2004-05-10,-2.1187212883776363
2004-05-11,2.2025475057298842
2004-05-12,-0.5461055797283658
2004-05-13,-0.8035591150382856
2004-05-14,-0.12747063420930255
2004-05-17,-2.7150973256193764
2004-05-18,0.9997910515469576
2004-05-19,3.5270256414292462
2004-05-20,-0.7123415807520083
2004-05-21,2.5738255664636855
2004-05-24,1.0193709918782925
2004-05-25,-0.04057324222316983
2004-05-26,0.04057324222316921
2004-05-27,3.233172895862382
2004-05-28,0.3920032643091477
2004-06-01,1.1281988440825559
2004-06-02,-3.423514842802089
2004-06-03,-0.16025438566243738
2004-06-04,-1.0884989792996926
2004-06-07,2.7979416671153716
2004-06-08,-2.2320574127190924
2004-06-09,-5.851079049393414
2004-06-10,0.5115136535604896
2004-06-14,-1.6720661643932058
2004-06-15,3.274804225487762
2004-06-16,-1.0515383860032708
2004-06-17,1.7187549560563682
2004-06-18,-0.6672165700531069
2004-06-21,0.16722196075737863
2004-06-22,-2.8385786926454366
2004-06-23,2.838578692645434
2004-06-24,2.2714100238770003
2004-06-25,-1.2325535113694301
2004-06-28,-0.2483363661101883
2004-06-29,-2.9438699060395837
2004-06-30,2.819465126942616
2004-07-01,1.4009260533654904
2004-07-02,-0.16379808944934915
2004-07-06,0.0
2004-07-07,2.9877023133832252
2004-07-08,-0.43850650580378564
2004-07-09,2.3298196787682377
2004-07-12,-0.27359678358638023
2004-07-13,0.11734876723866665
2004-07-14,-0.07822031795012785
2004-07-15,0.8958191143453335
2004-07-16,1.8440820860067604
2004-07-19,-0.38138833752984785
2004-07-20,-1.5790864288326496
2004-07-21,-0.896867081657837
2004-07-22,0.6247592555156349
2004-07-23,-2.9628889922293737
2004-07-26,0.20028504233190647
2004-07-27,-2.3892618099997485
2004-07-28,3.8589979083624977
2004-07-29,1.8363450859670531
2004-07-30,1.2694916834947974
2004-08-02,0.0
2004-08-03,-0.15302025015288995
2004-08-04,-0.6144425089686487
2004-08-05,-1.0844365663214486
2004-08-06,-0.15589196235650743
2004-08-09,-2.88842856442901
2004-08-10,1.2368056025732959
2004-08-11,1.1825116382181966
2004-08-12,-0.47133174080393636
2004-08-13,3.9372124927575345
2004-08-16,-0.1515132306234732
2004-08-17,-0.5702393379545211
2004-08-18,-2.900988936691589
2004-08-19,1.5962919725581552
2004-08-20,-1.79272159227797
2004-08-23,-2.1463423352796474
2004-08-24,-0.24135336793853676
2004-08-25,0.040262836026745255
2004-08-26,0.7619869814193276
2004-08-27,0.7562246205897059
2004-08-30,0.07926496808164377
2004-08-31,1.494330090096883
2004-09-01,-0.46948771487564867
2004-09-02,-2.180465713546065
2004-09-03,-0.5627000151615396
2004-09-07,2.586181844976264
2004-09-08,-1.2250656370421624
2004-09-09,0.5946446167934483
2004-09-10,1.2568926188556944
2004-09-13,0.3117655311968231
2004-09-14,-0.5462338654946736
2004-09-15,-0.8249863375210553
2004-09-16,2.377811104174026
2004-09-17,0.3076977561676282
2004-09-20,1.2972299128470195
2004-09-21,1.6914545511661427
2004-09-22,2.82950721287629
2004-09-23,-0.8733654205242032
2004-09-24,-0.43956421836259574
2004-09-27,1.7106852956390757
2004-09-28,-0.5427864464258163
2004-09-29,1.0826511772965526
2004-09-30,0.501252000131244
2004-10-01,0.5698032725932324
2004-10-04,-0.49839686253434784
2004-10-05,0.3206866348772034
2004-10-06,1.4830715557627312
2004-10-07,0.41973073371612357
2004-10-08,2.821935932118724
2004-10-11,0.0
2004-10-12,-1.4010182454974267
2004-10-13,-11.66652632881649
2004-10-14,-1.2843139273523108
2004-10-15,3.047487406831236
2004-10-18,-1.9179702795407503
2004-10-19,0.9252159136429332
2004-10-20,0.22997488235645586
2004-10-21,0.952573216362573
2004-10-22,-0.6849389692903199
2004-10-25,-2.2785313363825823
2004-10-26,0.5065279368829569
2004-10-27,0.5039751564898403
2004-10-28,-2.783942181035387
2004-10-29,6.912533432709555
2004-11-01,-2.4034161583099802
2004-11-02,1.0586064126426333
2004-11-03,0.786673729864365
2004-11-04,1.5550042053435682
2004-11-05,1.2776259486929797
2004-11-08,0.03626210538227867
2004-11-09,0.6865448440521529
2004-11-10,-0.3968945501634744
2004-11-11,0.6845659232921396
2004-11-12,2.517412157967574
2004-11-15,0.5934721688825689
2004-11-16,-1.225714789449373
2004-11-17,2.539706977786053
2004-11-18,1.3308517165665839
2004-11-19,0.4734516413606198
2004-11-22,-1.564125871155565
2004-11-23,0.580898956641189
2004-11-24,1.4208647608782397
2004-11-29,-2.96595429695819
2004-11-30,-0.13851064902532367
2004-12-01,1.683600185105279
2004-12-02,-2.100262090838421
2004-12-03,-0.13928229791332228
2004-12-06,-0.10457670704644001
2004-12-07,-1.9370235990271039
2004-12-08,-2.193153123998163
2004-12-09,0.25412864304299065
2004-12-10,1.618452062975762
2004-12-13,2.431838122455797
2004-12-14,0.5555581112542446
2004-12-15,1.4096808990267324
2004-12-16,0.10237233692664036
2004-12-17,0.44240370828201425
2004-12-20,1.215000234498011
2004-12-21,0.9016575066077146
2004-12-22,-1.947018533092685
2004-12-23,0.5409084209022967
2004-12-27,1.139801794338695
2004-12-28,2.793938105454862
2004-12-29,-3.9674666220925574
2004-12-30,0.30308368401364966
2005-01-03,2.4249637126569374
2005-01-04,-8.811589530791446
2005-01-05,1.9169965325292941
2005-01-06,-0.14075255347762836
2005-01-07,-0.35273372548861387
2005-01-10,-0.10606403938920031
2005-01-11,1.8574289582020878
2005-01-12,0.27738911089317925
2005-01-13,-2.276409193736713
2005-01-14,1.5814800322243083
2005-01-18,0.4175400506192135
2005-01-19,0.7265179144739697
2005-01-20,0.5157263179726049
2005-01-21,1.2608849805508022
2005-01-24,-0.067753845587223
2005-01-25,-0.13563747417891936
2005-01-26,0.8110868898132478
2005-01-27,0.6709176889115054
2005-01-28,-2.231329422214927
2005-01-31,0.03418786316899494
2005-02-01,-0.823620563997052
2005-02-02,-1.213391454723391
2005-02-03,-0.20949874247027522
2005-02-04,-0.8776638837476327
2005-02-07,1.0871626262179197
2005-02-08,-0.03489153819955338
2005-02-09,-0.20957192922056092
2005-02-10,2.7588012661351984
2005-02-11,-0.17021670291690125
2005-02-14,0.13619166608270283
2005-02-15,1.18384898968801
2005-02-16,-0.7424966555805099
2005-02-17,1.8460020071482317
2005-02-18,-0.6003983116471746
2005-02-22,-0.16742392658227462
2005-02-23,0.5347617192857693
2005-02-24,-1.1398017943387078
2005-02-25,0.4037638558384941
2005-02-28,0.7360379385002176
2005-03-01,-2.3951254684626853
2005-03-02,0.849914883433841
2005-03-03,-0.1354996302121511
2005-03-04,1.1459484959552344
2005-03-07,0.16742392658227587
2005-03-08,0.20052826156800319
2005-03-09,0.30005234018532717
2005-03-10,-0.4671326166466938
2005-03-11,-0.9408710807143773
2005-03-14,-0.4059493269297756
2005-03-15,1.3802572088144132
2005-03-16,0.6996579196797613
2005-03-17,0.0
2005-03-18,0.09955271725945164
2005-03-21,-1.2347955690128465
2005-03-22,0.635987205080632
2005-03-23,-3.497213467066143
2005-03-24,0.860141449773276
2005-03-28,0.06849635505747205
2005-03-29,1.0895601302697833
2005-03-31,2.1772697043933746
2005-04-01,-1.0994611357403816
2005-04-04,0.9004626099853832
2005-04-05,-0.6328098733762082
2005-04-06,1.722468715046351
2005-04-07,-0.06570609436977423
2005-04-08,0.1313612194793349
2005-04-11,1.207001410366233
2005-04-12,-1.9977775143834169
2005-04-13,-2.444452991256689
2005-04-14,-2.0202712265673948
2005-04-15,1.2033868763358708
2005-04-18,-0.06837926458484185
2005-04-19,1.796353102540834
2005-04-20,1.896577312975611
2005-04-21,-1.360561545582132
2005-04-22,0.3668477691728879
2005-04-25,0.13306550880185308
2005-04-26,-1.5073083299813055
2005-04-27,-1.2565945533428946
2005-04-29,2.3641739830644624
2005-05-02,-0.13359883077262097
2005-05-03,-1.1766847860708465
2005-05-04,-1.3276802457844419
2005-05-05,0.0
2005-05-06,0.8870758592509348
2005-05-09,0.3052423203998138
2005-05-10,1.0443045460994318
2005-05-11,-0.6387667973519336
2005-05-12,-0.8467402688401509
2005-05-13,-3.1441553331320424
2005-05-16,-0.14049698473968295
2005-05-17,0.7703145191566418
2005-05-18,2.241853452656891
2005-05-19,-0.5471981143999637
2005-05-20,1.1592410306950143
2005-05-23,0.9110894877244603
2005-05-24,1.1023994199486582
2005-05-25,1.5821060605752626
2005-05-26,5.410159116534339
2005-05-27,-8.262763965615337
2005-05-31,1.270498788505743
2005-06-01,2.1689967990000185
2005-06-02,1.3561736840702605
2005-06-03,2.3142562091152197
2005-06-06,0.6870756022114203
2005-06-07,-0.8438852924604315
2005-06-08,0.3446632818389195
2005-06-09,0.21871495853230596
2005-06-10,1.8553390386855935
2005-06-13,-1.0471275262694701
2005-06-14,-1.906609071911124
2005-06-15,1.4100210740612122
2005-06-16,2.2459013532531307
2005-06-17,2.760451579772528
2005-06-20,-1.0113090358102146
2005-06-21,0.8039331784210066
2005-06-22,-0.6545716548449969
2005-06-23,0.0
2005-06-24,0.029851244604050534
2005-06-27,0.3871936676072973
2005-06-28,-4.997994178435614
2005-06-29,-0.156375777161701
2005-06-30,-2.7929400304949525
2005-07-01,-1.1003398378240108
2005-07-05,2.7917786508395253
2005-07-06,1.4452027388684838
2005-07-07,0.4046701571555426
2005-07-08,0.9891835306649635
2005-07-11,-0.092322550254576
2005-07-12,-1.3015311375659473
2005-07-13,1.0549250598561657
2005-07-14,-0.12353146901354424
2005-07-15,0.6775460508797893
2005-07-18,0.09203930902774381
2005-07-19,1.219161703861736
2005-07-20,0.3024802705534694
2005-07-21,-1.490976147437547
2005-07-22,1.4909761474375443
2005-07-25,0.15089412707145541
2005-07-26,0.48134967850147004
2005-07-27,0.6879046652239685
2005-07-28,1.1262676526962228
2005-07-29,-0.531912831120707
2005-08-01,0.9436833388634335
2005-08-02,-0.20566980417675013
2005-08-03,0.5280119999763786
2005-08-04,-0.852070505599296
2005-08-05,-0.32510500184995145
2005-08-08,-0.11848189911570983
2005-08-09,-2.096517996554696
2005-08-10,2.096517996554691
2005-08-11,1.119960669458933
2005-08-12,1.8295839272826477
2005-08-15,1.909710340410146
2005-08-16,0.4788055838445428
2005-08-17,-3.3426938516512648
2005-08-18,0.029053477058874854
2005-08-19,-0.17441986578462165
2005-08-22,1.2433290855603372
2005-08-23,0.25828864443865074
2005-08-24,-1.588941879292791
2005-08-25,-0.17487739728336568
2005-08-26,3.186721811855471
2005-08-29,-3.3911303953899505
2005-08-30,1.9108857301033437
2005-08-31,-2.821181207404088
2005-09-01,1.870302628251536
2005-09-02,1.1514221082170326
2005-09-06,-0.6316436414570556
2005-09-07,-0.8678090988733674
2005-09-08,-1.433821966322386
2005-09-09,-0.7395347194581287
2005-09-12,2.057079097863574
2005-09-13,-1.1114436748394674
2005-09-14,-1.064469318016184
2005-09-15,-0.23809937997551522
2005-09-16,-0.29841832376951
2005-09-19,3.897933303187562
2005-09-20,0.5732311614202137
2005-09-21,2.6510255982612443
2005-09-22,0.7486504141727702
2005-09-23,-0.6373861856597454
2005-09-26,2.33559292045087
2005-09-27,-0.163082490899191
2005-09-28,2.0730289080215676
2005-09-29,-0.4539989039671492
2005-09-30,-3.624872558341205
2005-10-03,1.7879738594029158
2005-10-04,0.8956496990088109
2005-10-05,1.208557106513659
2005-10-06,0.10672222128485793
2005-10-07,1.3508381136503287
2005-10-10,-0.07895831166223838
2005-10-11,1.4636955745224256
2005-10-12,-2.4692638881989337
2005-10-13,-1.069527888945819
2005-10-14,-0.2961347642095974
2005-10-17,3.5230737998271042
2005-10-18,0.467408996733971
2005-10-19,-0.20746628587706037
2005-10-20,-0.15588576805342375
2005-10-21,0.25967271380702006
2005-10-24,-0.23367693719952265
2005-10-25,2.109132180645416
2005-10-26,0.17800914789551653
2005-10-27,-1.742742133086692
2005-10-28,-1.98439865012384
2005-10-31,0.0
2005-11-01,0.0
2005-11-02,0.3159519630462649
2005-11-03,0.1576055510087722
2005-11-04,1.4849865139857559
2005-11-07,0.2066623545336443
2005-11-08,-0.2842725229368416
2005-11-09,-0.3370064417566658
2005-11-10,2.0306569709359836
2005-11-11,1.715476983376368
2005-11-14,0.37448814350354254
2005-11-15,1.041155109757903
2005-11-16,0.36923963976317226
2005-11-17,0.5390808322100751
2005-11-18,2.6050629922413013
2005-11-21,0.0
2005-11-22,-0.9569442282869082
2005-11-23,2.8438021020956845
2005-11-28,1.8519029369165676
2005-11-29,-6.613006801492719
2005-11-30,1.6766337254125567
2005-12-01,4.384389899667415
2005-12-02,-0.7175158214575856
2005-12-05,0.6252180059963176
2005-12-06,-2.193783802124633
2005-12-07,1.9395439859782857
2005-12-08,0.43875033675044495
2005-12-09,0.45977047126993104
2005-12-12,-1.1302222304274163
2005-12-13,0.80860609201991
2005-12-14,-2.1866500211574547
2005-12-15,0.7264270464051081
2005-12-16,1.299026183503803
2005-12-19,-0.46201185857990257
2005-12-20,0.2543684293396708
2005-12-21,0.6445666610608795
2005-12-22,1.2314951023171181
2005-12-23,1.1044806421704274
2005-12-27,2.194966252791462
2005-12-28,-3.844906595692176
2005-12-29,-1.3536977442379001
2005-12-30,-0.1386972482180682
2006-01-03,0.3002661122917951
2006-01-04,2.2124319335554232
2006-01-05,-3.582475790499214
2006-01-06,0.7918048029291022
2006-01-09,0.5321062960129788
2006-01-10,0.5751791873975792
2006-01-11,-1.1304829673895989
2006-01-12,-0.37191567360976824
2006-01-13,0.9733522116034713
2006-01-17,0.04611148550129667
2006-01-18,0.04610121964151519
2006-01-19,-0.6472596551630903
2006-01-20,-1.21325727097741
2006-01-23,0.5851302430558308
2006-01-24,1.390519399008077
2006-01-25,2.09527164001354
2006-01-26,0.5842718644246936
2006-01-27,2.8712245749946756
2006-01-30,-2.736875200233082
2006-01-31,0.0447501543454398
2006-02-01,1.045730514330611
2006-02-02,2.599817759914627
2006-02-03,-0.021566429390981117
2006-02-06,0.7949274300138094
2006-02-07,-2.119457647737689
2006-02-08,-0.3284046058854915
2006-02-09,1.2639106562752427
2006-02-10,-3.6608252423943966
2006-02-13,0.492939283536008
2006-02-14,1.3101112323517112
2006-02-15,-3.251042525460717
2006-02-16,1.9409312931090186
2006-02-17,-1.2595702874418602
2006-02-21,3.2073924466444836
2006-02-22,-0.6597722069059695
2006-02-23,-2.502364412440292
2006-02-24,-0.27186432308732095
2006-02-27,-2.9234410878254766
2006-02-28,2.0805113875916854
2006-03-01,2.619255132587773
2006-03-02,1.416269057569213
2006-03-03,-0.2640283980868952
2006-03-06,-3.064775919947564
2006-03-07,-0.6838351790244026
2006-03-08,-0.6194909618403086
2006-03-09,1.4622177776408192
2006-03-10,0.5654226428978991
2006-03-13,1.544167839669188
2006-03-14,0.3768196592215643
2006-03-15,-0.35460572860285866
2006-03-16,0.6418037937320509
2006-03-17,4.423111774814008
2006-03-20,-1.0608992622153064
2006-03-21,-0.4275333579617141
2006-03-22,0.6831706312122651
2006-03-23,2.479640280465389
2006-03-24,0.10372606567904166
2006-03-27,2.5991406452732013
2006-03-28,0.7647472944439206
2006-03-29,-0.704154352341672
2006-03-30,1.0843459783499991
2006-03-31,-0.6210605547193223
2006-04-03,3.5146752777245305
2006-04-04,-0.13590856816953453
2006-04-05,2.095630036470246
2006-04-06,1.8286892888360144
2006-04-07,-0.22442656978015862
2006-04-10,2.5327184428215026
2006-04-11,0.45532577803801483
2006-04-12,2.5122502730135854
2006-04-13,1.6346252642862884
2006-04-17,3.3262070123641263
2006-04-18,3.1211066655196262
2006-04-19,-0.016345361864595807
2006-04-20,0.24491589345654372
2006-04-21,5.7665618051926595
2006-04-24,-1.0678700573061888
2006-04-25,5.876491377668414
2006-04-26,2.1768396155415504
2006-04-27,-6.616681043057778
2006-04-28,2.2895401286031105
2006-05-01,3.462084455406586
2006-05-02,-1.0626776257406707
2006-05-03,0.24847957560107944
2006-05-04,4.7886032290502465
2006-05-05,0.1112642285130372
2006-05-08,0.23603202460109632
2006-05-09,2.4790728000849445
2006-05-10,2.3530449404842675
2006-05-11,6.372888398021777
2006-05-12,-1.6626409179687658
2006-05-15,-2.4888039947037024
2006-05-16,2.8788169029804465
2006-05-17,-3.878892030612857
2006-05-18,1.0129965922272295
2006-05-19,-6.031779238264324
2006-05-22,-0.08237766675924939
2006-05-23,11.300973089191944
2006-05-24,-6.199812776395614
2006-05-25,1.836577755610834
2006-05-26,2.867622299227676
2006-05-30,-6.9081799932644
2006-05-31,-0.8173137225117761
2006-06-01,-4.063702579916888
2006-06-02,2.654654867537932
2006-06-05,0.7205520050534401
2006-06-06,-2.9278404850725375
2006-06-07,2.6021934100562363
2006-06-08,-6.368720412171724
2006-06-09,-2.3151216670711823
2006-06-12,-1.328076657099209
2006-06-13,-7.257232028774752
2006-06-14,1.8563531012180927
2006-06-15,4.813306102611641
2006-06-16,2.315087120233132
2006-06-19,-4.037295575582026
2006-06-20,1.0399212759905023
2006-06-21,0.42507849620352817
2006-06-22,-2.9205897380452663
2006-06-23,4.185097209565795
2006-06-26,2.9914566792506885
2006-06-27,-4.665831153323645
2006-06-28,4.345926333910273
2006-06-29,-0.29171520667660444
2006-06-30,1.1473511090359017
2006-07-05,0.9199382500256403
2006-07-06,6.105378470240002
2006-07-07,-1.9573828117320446
2006-07-10,0.94269766267809
2006-07-11,1.2298293864782839
2006-07-12,1.4004899330586453
2006-07-13,0.43613353418069445
2006-07-14,0.9972492602407839
2006-07-17,-3.0490169649044736
2006-07-18,-0.9195445450736481
2006-07-19,-0.05435775290512368
2006-07-20,-5.403702916840742
2006-07-21,-1.9851352074933393
2006-07-24,1.94208745471876
2006-07-25,1.5665391894605336
2006-07-26,-1.5378386286992773
2006-07-27,0.9710245712037534
2006-07-28,1.844473807661211
2006-07-31,0.7228217306086376
2006-08-01,0.6350981603252204
2006-08-02,-0.12393893579195137
2006-08-03,-2.7663115515796095
2006-08-04,3.6989728289298687
2006-08-07,-1.01537484705448
2006-08-08,-0.12419548280951126
2006-08-09,3.3404302401978434
2006-08-10,-2.146264754436033
2006-08-11,-4.22215233219436
2006-08-14,1.5254505238272624
2006-08-15,-0.26668629666492805
2006-08-16,-1.7724675871363573
2006-08-17,-3.2570483588430816
2006-08-18,1.9611385511475443
2006-08-21,2.079673075557971
2006-08-22,-0.6836639340547852
2006-08-23,-0.7315548238702057
2006-08-24,-0.9547300021803685
2006-08-25,0.435094711828798
2006-08-28,0.835861454599713
2006-08-29,-1.7663661717408106
2006-08-30,-1.7089422035247837
2006-08-31,3.043843119763422
2006-09-01,0.17280544444655202
2006-09-04,0.5882000497295031
2006-09-05,4.352465687233269
2006-09-06,1.3872078932510197
2006-09-07,-0.9908456487234399
2006-09-08,-2.4160727110502798
2006-09-11,-4.1078237358561935
2006-09-12,-1.2748343524926162
2006-09-13,0.058966684408085626
2006-09-14,-0.3099848785024521
2006-09-15,-1.9557246997325133
2006-09-18,3.0145585215590085
2006-09-19,-1.2512128907411384
2006-09-20,-0.16307403581718294
2006-09-21,1.5312444998841397
2006-09-22,0.5100983752127825
2006-09-25,0.23231887625321085
2006-09-26,0.4630317169877945
2006-09-27,0.34587392021902646
2006-09-28,-1.7853749862541606
2006-09-29,1.3094927508602177
2006-10-02,-0.8273529892405908
2006-10-03,-4.288287028757444
2006-10-04,-2.7297561659488925
2006-10-05,3.1245338275205845
2006-10-06,2.51397676307066
2006-10-09,0.6774694903438463
2006-10-10,-0.9882872535835477
2006-10-11,0.7972931300143192
2006-10-12,-0.767645406588586
2006-10-13,0.7235142096896925
2006-10-16,4.64263810884055
2006-10-17,-2.129251467991788
2006-10-18,-0.40252898699354295
2006-10-19,0.5029154054930659
2006-10-20,-1.2693131104539386
2006-10-23,-0.42184665507247543
2006-10-24,-0.8343773762773702
2006-10-25,-0.39767267101767984
2006-10-26,-0.1772538714780504
2006-10-27,0.26576312526973994
2006-10-30,-1.5004341492565254
2006-10-31,-0.1348057007939905
2006-11-01,-3.2135555502738873
2006-11-02,1.6425248494251297
2006-11-03,0.9546280958327984
2006-11-06,0.5114319192358867
2006-11-07,0.38933896129901635
2006-11-08,-3.451498148283685
2006-11-09,1.9456738187481333
2006-11-10,-6.844030050094825
2006-11-13,-0.4070025106770275
2006-11-14,0.6179903514934784
2006-11-15,0.11342412702313096
2006-11-16,-1.6820868911240918
2006-11-17,0.542006619587167
2006-11-20,-0.5255401309155954
2006-11-21,2.407798742816663
2006-11-22,-0.14478087138639087
2006-11-27,2.5430538079686356
2006-11-28,-1.5977609210241135
2006-11-29,-0.23948070110620975
2006-11-30,1.3810822477476292
2006-12-01,-0.7755010148395151
2006-12-04,0.3172588397887668
2006-12-05,2.425210515564228
2006-12-06,-2.678941556510855
2006-12-07,-1.7620134884374896
2006-12-08,0.41928818066550466
2006-12-11,0.4175298511333433
2006-12-12,-1.1443371357795253
2006-12-13,-1.9643840534414203
2006-12-14,0.675517296794349
2006-12-15,-1.3556209458734767
2006-12-18,0.43182301421071917
2006-12-19,-0.48176528711089944
2006-12-20,-2.1205763374883224
2006-12-21,-2.724306192206154
2006-12-22,-1.071978403650697
2006-12-25,0.0
2006-12-26,0.7217770264497892
2006-12-27,1.099003202765003
2006-12-28,-0.06941531040188978
2006-12-29,-0.9068782750895779
2007-01-01,0.0
2007-01-02,0.0
2007-01-03,-8.078761146625583
2007-01-04,-1.6855373465055545
2007-01-05,-2.582807783376467
2007-01-08,-0.3176550423966054
2007-01-09,1.0877256582598
2007-01-10,4.217431803267493
2007-01-11,-0.11320835200873607
2007-01-12,-2.1177947492588935
2007-01-16,-1.085698061603844
2007-01-17,-0.3710589762785967
2007-01-18,-3.1199761430918937
2007-01-19,1.004229966166979
2007-01-22,0.6970026552958402
2007-01-23,1.8482607000773952
2007-01-24,0.8535483249475706
2007-01-25,1.951090222596932
2007-01-26,-0.6842789576962388
2007-01-29,-3.6120405630904115
2007-01-30,0.8467067250659049
2007-01-31,1.3051692836781457
2007-02-01,-2.5680142377113238
2007-02-02,-4.3838107813550025
2007-02-05,-0.2284798208411193
2007-02-06,3.2729419514521774
2007-02-07,-1.7663619263284254
2007-02-08,-0.10247187146951654
2007-02-09,2.750429355921631
2007-02-12,-1.5681879273628858
2007-02-13,4.342041319225683
2007-02-14,-0.29145783496394456
2007-02-15,3.3862641847409605
2007-02-16,-0.7363392954703148
2007-02-20,-2.164626539316016
2007-02-21,2.6372636867842223
2007-02-22,4.101814943140808
2007-02-23,2.661578753247338
2007-02-26,0.5624916476359444
2007-02-27,-1.6792226606903327
2007-02-28,-2.6003641172280245
2007-03-01,0.12798190611362337
2007-03-02,-1.602389779468514
2007-03-05,-1.308188544748721
2007-03-06,1.6048108209646008
2007-03-07,2.5947042532300033
2007-03-08,1.9116235975402094
2007-03-09,-1.7314153671171055
2007-03-12,2.384035701893813
2007-03-13,-0.6880159990002066
2007-03-14,-0.08855246027970691
2007-03-15,5.615384880776974
2007-03-16,0.7841936944783481
2007-03-19,0.2987000060151992
2007-03-20,0.4463916018085855
2007-03-21,-0.39668963092226434
2007-03-22,1.5937266495895348
2007-03-23,0.048884259158354634
2007-03-26,1.7922504483469763
2007-03-27,-2.331335185857186
2007-03-28,-0.03276302472800516
2007-03-29,0.8159267479571156
2007-03-30,2.154428999942291
2007-04-02,0.9655772557617218
2007-04-03,4.180448432096777
2007-04-04,2.181794708948998
2007-04-05,-0.34056097979333944
2007-04-09,3.669600055275331
2007-04-10,0.5702890021498594
2007-04-11,1.6496687603940061
2007-04-12,-2.334405514553406
2007-04-13,1.0395245453521007
2007-04-16,0.04248683021158413
2007-04-17,3.9699905224740477
2007-04-18,-1.6189135293022645
2007-04-19,-0.8612332269456581
2007-04-20,0.6258222125599217
2007-04-23,0.663265327327942
2007-04-24,-2.2422811322961667
2007-04-25,0.9810894637009472
2007-04-26,-2.771672028071772
2007-04-27,0.7855475544111297
2007-04-30,0.7653152107245469
2007-05-01,2.0679759184261632
2007-05-02,0.35891842835917714
2007-05-03,2.2751450618503823
2007-05-04,1.0318368615644782
2007-05-07,-1.0722515822850454
2007-05-08,0.13466509875903235
2007-05-09,-1.082413493085376
2007-05-10,-3.080567589500022
2007-05-11,1.0328125160771169
2007-05-14,-3.0736936792162215
2007-05-15,1.1814201261160306
2007-05-16,-3.147940321241607
2007-05-17,-3.416343197040718
2007-05-18,0.5875728249450205
2007-05-21,2.30167907604485
2007-05-22,-2.9043622525209214
2007-05-23,-0.13611043955368093
2007-05-24,-3.7152588988319155
2007-05-25,4.408973114674515
2007-05-29,-0.030059448267788395
2007-05-30,-0.603137564764903
2007-05-31,2.6122865910442297
2007-06-01,0.26485667392437495
2007-06-04,1.8346525631488388
2007-06-05,-0.5497714342899437
2007-06-06,-1.5055486213752398
2007-06-07,-0.5315986313642163
2007-06-08,-3.587429051256678
2007-06-11,2.814535124878555
2007-06-12,-1.9131461320347365
2007-06-13,0.92348468422793
2007-06-14,2.367766293405826
2007-06-15,0.7477509694922672
2007-06-18,-0.07306370370445484
2007-06-19,-0.6158420364391191
2007-06-20,1.4020997354439626
2007-06-21,-1.1963927011989763
2007-06-22,-0.6183808484790977
2007-06-25,0.4861886974376344
2007-06-26,-2.5001264059580333
2007-06-27,1.1536522351616463
2007-06-28,2.1515770301172132
2007-06-29,0.6973710946049262
2007-07-02,2.346652715286922
2007-07-03,0.7748130363836363
2007-07-05,1.268929813473256
2007-07-06,0.06925846105509088
2007-07-09,1.033135561568375
2007-07-10,-0.5496779282774091
2007-07-11,0.3576348097476918
2007-07-12,-1.0906437404031213
2007-07-13,0.374090502296251
2007-07-16,-0.7495856981008902
2007-07-17,-0.09758095738918922
2007-07-18,0.6949258593159656
2007-07-19,2.718937341498047
2007-07-20,1.1924807745598147
2007-07-23,-1.7195450886704462
2007-07-24,-1.1310358745767395
2007-07-25,-2.1610501653151974
2007-07-26,-1.1832738998354364
2007-07-27,0.6356413100948933
2007-07-30,1.1479865300939016
2007-07-31,1.6976481611733591
2007-08-01,-1.6141635044333862
2007-08-02,-0.5578809647275963
2007-08-03,-2.5640647293348118
2007-08-06,-0.1723407612018627
2007-08-07,1.058064761031671
2007-08-08,-2.025789710139924
2007-08-09,-2.1417851170089452
2007-08-10,0.6650445899074604
2007-08-13,2.559396876302331
2007-08-14,-2.0451836279569298
2007-08-15,-1.1199606694589364
2007-08-16,-7.522578625865566
2007-08-17,0.8590631504536943
2007-08-20,0.5528779064938959
2007-08-21,-0.3629806018365732
2007-08-22,2.01900885808368
2007-08-23,1.8270249278424917
2007-08-24,2.3604804173599923
2007-08-27,0.5630494413217472
2007-08-28,-1.398629258301914
2007-08-29,0.23945343723361634
2007-08-30,0.2537841436042633
2007-08-31,1.7000963781371936
2007-09-04,-2.6287998615827437
2007-09-05,-1.3178997493620974
2007-09-06,1.1069936913600391
2007-09-07,-1.7034630580109942
2007-09-10,0.13796008275828744
2007-09-11,3.7581456212766593
2007-09-12,-0.8742741675982978
2007-09-13,1.0511622453400833
2007-09-14,-0.11788826869925816
2007-09-17,0.7784422491534017
2007-09-18,0.7288689667131372
2007-09-19,3.566711758337602
2007-09-20,0.18202812018890224
2007-09-21,-0.04197554970885117
2007-09-24,1.5140257916241953
2007-09-25,-0.42826806941599377
2007-09-26,0.041522356286331816
2007-09-27,0.6345724821235387
2007-09-28,-0.15137523803255382
2007-10-01,1.3814051464149388
2007-10-02,0.5283495905561186
2007-10-03,1.3154558676531456
2007-10-04,-0.9243852358592406
2007-10-05,-0.4992212023290449
2007-10-08,-2.8398952960174353
2007-10-09,0.22241141821614135
2007-10-10,2.0613632398485535
2007-10-11,-0.7372098548840381
2007-10-12,-0.508273673599144
2007-10-15,0.9048592503146251
2007-10-16,-1.0840585700874417
2007-10-17,-1.0959393117441902
2007-10-18,-1.4330146329485844
2007-10-19,0.39542317471661803
2007-10-22,-1.9785705936423172
2007-10-23,0.7733158592973619
2007-10-24,-1.5526516206475922
2007-10-25,0.8368262336431636
2007-10-26,1.4123920747727763
2007-10-29,-0.4685843473666922
2007-10-30,-1.1019809786730912
2007-10-31,-0.18725265358009266
2007-11-01,-3.282826752735582
2007-11-02,-1.1538250971086046
2007-11-05,-0.7108917179658544
2007-11-06,1.162016280655149
2007-11-07,-2.476014831992917
2007-11-08,-1.6749740597135698
2007-11-09,-1.7194241226025013
2007-11-12,-1.2004915675888246
2007-11-13,-0.09666573888018151
2007-11-14,6.23298713550576
2007-11-15,-6.879819302679892
2007-11-16,2.372662848501239
2007-11-19,-5.721430503437928
2007-11-20,1.4985320705029737
2007-11-21,-4.685845687319996
2007-11-23,3.3381781950596245
2007-11-26,1.1325956713798613
2007-11-27,-2.0243316225634764
2007-11-28,1.4263190117579543
2007-11-29,2.061248721807302
2007-11-30,3.006420059285732
2007-12-03,-3.0880534636750485
2007-12-04,-2.079632697444931
2007-12-05,0.5986092390418274
2007-12-06,0.0828588056316832
2007-12-07,2.4866314200770416
2007-12-10,-1.0884667673056376
2007-12-11,-0.11441443310937942
2007-12-12,-1.3666090252937124
2007-12-13,-2.569193024195676
2007-12-14,-0.10211099920973178
2007-12-17,-2.1861673195958726
2007-12-18,-0.10447575700224894
2007-12-19,2.596655711544108
2007-12-20,0.4403805176865818
2007-12-21,4.462075112192719
2007-12-24,1.7146538408695313
2007-12-26,0.2538845205384116
2007-12-27,-1.5974765396686124
2007-12-28,-1.5416170378654601
2007-12-31,-0.8869950139475385
2008-01-02,0.6577883088288984
2008-01-03,3.937205915966506
2008-01-04,-0.9977151611522649
2008-01-07,-0.5266108458208191
2008-01-08,4.642545522270303
2008-01-09,-0.2753156564274896
2008-01-10,-0.10727101901757685
2008-01-11,0.6876041631828896
2008-01-14,1.0150820225447865
2008-01-15,-2.9679365072412596
2008-01-16,-1.8334777164610028
2008-01-17,0.2842725514517771
2008-01-18,1.6888564339858974
2008-01-22,-1.1070527195166195
2008-01-23,-4.014932441147765
2008-01-24,3.259501401877949
2008-01-25,0.34695370756409255
2008-01-28,0.1887324720425266
2008-01-29,3.307367230598505
2008-01-30,-2.244520141931127
2008-01-31,2.2597200737962804
2008-02-01,-0.8855033152643412
2008-02-04,0.8398965867746654
2008-02-05,-2.6035537460531337
2008-02-06,3.1948610187886173
2008-02-07,4.160175711869359
2008-02-08,2.477747418574763
2008-02-11,0.5361201861007306
2008-02-12,0.042206646160840515
2008-02-13,-0.8332795085175951
2008-02-14,-1.0693804962282913
2008-02-15,0.9416532184860044
2008-02-19,5.6321812058525005
2008-02-20,-0.5248654189585987
2008-02-21,2.7942217557106646
2008-02-22,-0.618625629075389
2008-02-25,-1.2087559276672357
2008-02-26,1.0501924142998669
2008-02-27,1.5483846075272916
2008-02-28,0.6101194752023583
2008-02-29,-0.2981045559195884
2008-03-03,2.030135154338121
2008-03-04,-2.6812663958562037
2008-03-05,4.158474021486997
2008-03-06,-1.8978314361830493
2008-03-07,0.4460575517913609
2008-03-10,-3.19127580438201
2008-03-11,-0.24975436203269796
2008-03-12,1.3724810992538454
2008-03-13,-0.29903474769910887
2008-03-14,0.182124927836843
2008-03-17,-3.5722807376964276
2008-03-18,1.5636817841299957
2008-03-19,-2.9881109724940633
2008-03-20,-1.3341735067773057
2008-03-24,1.211132617616176
2008-03-25,1.2101612694472077
2008-03-26,1.382475370858564
2008-03-27,3.985115532336525
2008-03-28,-1.2243244202211447
2008-03-31,0.19431761016599045
2008-04-01,-0.9753674462653744
2008-04-02,1.6203608238965845
2008-04-03,0.9088075245830329
2008-04-04,1.3793288007380051
2008-04-07,0.40135593332776154
2008-04-08,-2.1636829045284776
2008-04-09,2.998837823344301
2008-04-10,-1.8542220767219377
2008-04-11,0.5171215370582781
2008-04-14,-1.2150474433635365
2008-04-15,-0.9082262384872442
2008-04-16,2.462362871989382
2008-04-17,-1.160164458233588
2008-04-18,-0.5724063115444192
2008-04-21,-0.550052178316097
2008-04-22,2.720477509902769
2008-04-23,-1.471257322764011
2008-04-24,-1.3262129020275286
2008-04-25,1.6424099029400077
2008-04-28,0.6168558128368901
2008-04-29,-2.143801918623144
2008-04-30,0.880841144822951
2008-05-01,-5.445562416353218
2008-05-02,3.494782518365289
2008-05-05,3.075591116375576
2008-05-06,-1.6728304538230727
2008-05-07,-1.2732469531978077
2008-05-08,-1.1062784812738025
2008-05-09,-1.7692543180788884
2008-05-12,0.8092896053567759
2008-05-13,-0.5033740904420432
2008-05-14,-1.552496031552016
2008-05-15,1.4461928881904105
2008-05-16,2.247876540924412
2008-05-19,-1.3347458062685638
2008-05-20,-0.13182481380537692
2008-05-21,-0.980918292403625
2008-05-22,-0.8293225332406754
2008-05-23,0.8692807059742893
2008-05-27,-0.37353771520789436
2008-05-28,-0.33469602096848605
2008-05-29,-4.372053221998963
2008-05-30,1.6396091924634464
2008-06-02,-0.5250821359732148
2008-06-03,-0.6393351067222784
2008-06-04,-0.9245056085662885
2008-06-05,0.0
2008-06-06,1.9786098657222286
2008-06-09,-0.3455202806045101
2008-06-10,-1.520573439334469
2008-06-11,0.5187558725875133
2008-06-12,-1.209918603132009
2008-06-13,1.7259972812965885
2008-06-16,2.351108488793132
2008-06-17,-0.5723686025624963
2008-06-18,2.3501927479757416
2008-06-19,0.8507249612478464
2008-06-20,1.4324472145096576
2008-06-23,-0.47083859152785196
2008-06-24,-0.5389416955253217
2008-06-25,-0.21110700562711704
2008-06-26,0.9988220390149148
2008-06-27,1.569935458302522
2008-06-30,0.29564599548764803
2008-07-01,0.6907152291294231
2008-07-02,3.8754843888011434
2008-07-03,-2.848269364058944
2008-07-07,-2.50396446214115
2008-07-08,-4.025615468983316
2008-07-09,1.1382785876025097
2008-07-10,-0.5742183177672127
2008-07-11,0.5875320451699276
2008-07-14,0.37209182565087473
2008-07-15,-1.2681244263126636
2008-07-16,-1.2163912191934922
2008-07-17,1.5650575729472354
2008-07-18,-1.3070272389697388
2008-07-21,0.6354368793257509
2008-07-22,0.6849817572803769
2008-07-23,-0.5099327487286666
2008-07-24,-1.0685162218549742
2008-07-25,0.7316100985533033
2008-07-28,0.14838009463944601
2008-07-29,-0.7033715578873392
2008-07-30,-0.10864997449806348
2008-07-31,1.0005475610476267
2008-08-01,-2.3963041456270098
2008-08-04,-3.963420205605982
2008-08-05,-0.8783967569629488
2008-08-06,0.17341165893379618
2008-08-07,-0.1444911229037808
2008-08-08,-1.6767874243873677
2008-08-11,-1.227919604452391
2008-08-12,-3.7614405452018302
2008-08-13,3.999327524403625
2008-08-14,-1.3154195172182317
2008-08-15,0.585104583758838
2008-08-18,0.3732754674306957
2008-08-19,2.719755181030406
2008-08-20,-1.093701145332687
2008-08-21,4.332911836035831
2008-08-22,-1.4852810846769708
2008-08-25,0.29882495365472383
2008-08-26,-1.1575738937144417
2008-08-27,0.8302379383070358
2008-08-28,-2.3218257711742494
2008-08-29,0.07292517398114715
2008-09-02,-3.169699925493393
2008-09-03,0.9436181962686387
2008-09-04,-1.7140747434377188
2008-09-05,-5.405874050498787
2008-09-08,-0.46530821109914755
2008-09-09,-0.45132052666664174
2008-09-10,0.9166287377657891
2008-09-11,0.35154774926768945
2008-09-12,2.3489716350545593
2008-09-15,-0.7821123826986036
2008-09-16,-2.2551408273990345
2008-09-17,-1.3583590745432244
2008-09-18,0.7946167757429894
2008-09-19,2.850282954604225
2008-09-22,2.5113733417778246
2008-09-23,-3.0781219454335327
2008-09-24,-1.4471124614013
2008-09-25,0.7659182035159278
2008-09-26,-2.1205609304908783
2008-09-29,-5.404014142201241
2008-09-30,-1.016286672297164
2008-10-01,-3.2016835322749864
2008-10-02,-5.304483052287726
2008-10-03,1.9599324946070373
2008-10-06,-7.721245142226578
2008-10-07,1.6044778601557703
2008-10-08,-7.252218281967923
2008-10-09,2.4007049982976367
2008-10-10,-11.693249445384673
2008-10-13,7.652297538187162
2008-10-14,3.4409649446669075
2008-10-15,-8.033667183763255
2008-10-16,-5.762150703914132
2008-10-17,3.832245466173546
2008-10-20,-2.8839225112323326
2008-10-21,-5.430320487494907
2008-10-22,-8.091504729354906
2008-10-23,-3.044245032291102
2008-10-24,-6.947042018303211
2008-10-27,6.41653531207786
2008-10-28,3.060199079550232
2008-10-29,11.769253219488798
2008-10-30,-9.24901628796833
2008-10-31,-2.3845734732584987
2008-11-03,-0.35311761783458934
2008-11-04,5.993610980214015
2008-11-05,-7.280769145585858
2008-11-06,-5.17576529482968
2008-11-07,-1.756998154073962
2008-11-10,3.140707101459218
2008-11-11,-6.139429649683955
2008-11-12,0.42527216978827354
2008-11-13,-2.1137256622850353
2008-11-14,5.217528656900968
2008-11-17,-3.1038029946159313
2008-11-18,0.33287723393041174
2008-11-19,-3.7240818165741874
2008-11-20,-1.6440397974802814
2008-11-21,0.15925711241168466
2008-11-24,5.871320237110238
2008-11-25,-1.2077429839393632
2008-11-26,1.3277174587946088
2008-11-28,-2.704098754594801
2008-12-01,-1.2395560595375936
2008-12-02,-1.5713695946265358
2008-12-03,-2.892237359246743
2008-12-04,-5.461074445603317
2008-12-05,-6.914046310097782
2008-12-08,8.68883844445569
2008-12-09,-3.8977223554037552
2008-12-10,3.286925555838923
2008-12-11,1.1842495279547984
2008-12-12,-5.567557386053047
2008-12-15,-1.5048673522397207
2008-12-16,-2.226770937400228
2008-12-17,-0.5552523827341277
2008-12-18,-5.925676386765975
2008-12-19,2.7579864896922004
2008-12-22,0.9153446075825635
2008-12-23,-4.981575399889871
2008-12-24,-0.4399189882980073
2008-12-26,2.141245178615375
2008-12-29,1.7499989743220448
2008-12-30,0.768052171294429
2008-12-31,6.515993558282819
2009-01-02,3.4522642832691255
2009-01-05,-0.13859837457887447
2009-01-06,8.249352713733096
2009-01-07,-4.673285764368288
2009-01-08,-2.1302567727690187
2009-01-09,5.485834605333392
2009-01-12,-4.6689502551018895
2009-01-13,3.824240154146629
2009-01-14,-3.9599236350017684
2009-01-15,-2.3700234652481584
2009-01-16,5.0823896602006045
2009-01-20,-1.564870673886101
2009-01-21,-4.882370734563854
2009-01-22,-2.714451420008431
2009-01-23,5.39147213439266
2009-01-26,7.562608483750976
2009-01-27,-6.708629074019414
2009-01-28,0.7117436711298379
2009-01-29,-2.0816267646880613
2009-01-30,0.8241780489787206
2009-02-02,-2.6686782938607583
2009-02-03,6.229684265002918
2009-02-04,0.5923059659739496
2009-02-05,-1.988143055492067
2009-02-06,8.251107570542908
2009-02-09,-0.9910216352805584
2009-02-10,-2.2982265207265895
2009-02-11,-2.319692433478527
2009-02-12,-0.2937838837420123
2009-02-13,0.3589469697159589
2009-02-17,-7.752140878469815
2009-02-18,0.9110091756789868
2009-02-19,2.378192495567682
2009-02-20,-3.747837546727962
2009-02-23,1.4393750058763244
2009-02-24,3.3924781082112014
2009-02-25,2.528410709412235
2009-02-26,2.786063056507973
2009-02-27,-2.5235912693634632
2009-03-02,-1.2197263447784217
2009-03-03,5.704778712747233
2009-03-04,5.45617994281104
2009-03-05,-2.3714151911713945
2009-03-06,2.074326728568417
2009-03-09,-3.0818147733923333
2009-03-10,2.724136780886837
2009-03-11,-3.556061150033059
2009-03-12,0.09277200475853227
2009-03-13,2.5031837988905212
2009-03-16,4.768418897172976
2009-03-17,-1.2728013469377788
2009-03-18,-0.4961329345122234
2009-03-19,5.076652473885685
2009-03-20,-0.5856914925907127
2009-03-23,2.4590266697973098
2009-03-24,-1.8455323814477849
2009-03-25,-0.08343158789123441
2009-03-26,2.879666439204271
2009-03-27,-0.8688576707487627
2009-03-30,-4.034487297864157
2009-03-31,4.334008772739617
2009-04-01,0.3528300991842609
2009-04-02,2.2767834430934766
2009-04-03,5.73790936442807
2009-04-06,-2.071827918403566
2009-04-07,1.6458165097580344
2009-04-08,0.3509639771228688
2009-04-09,3.5643381144725974
2009-04-13,2.6216977508200117
2009-04-14,-0.4952234759438994
2009-04-15,4.099220300775737
2009-04-16,-0.9117902486359771
2009-04-17,1.2741868886179717
2009-04-20,-3.825348729764628
2009-04-21,-0.8255701338176116
2009-04-22,-1.7441596533578803
2009-04-23,-3.0094048902768664
2009-04-24,2.840547796163494
2009-04-27,-3.2886472779575104
2009-04-28,-4.594984655659675
2009-04-29,4.8939406358125686
2009-04-30,2.1167407703699253
2009-05-01,2.334926677003218
2009-05-04,2.048815168784459
2009-05-05,-2.861048946361564
2009-05-06,4.868729050628522
2009-05-07,-1.056509720880988
2009-05-08,-0.8579693778366962
2009-05-11,-2.523429535365214
2009-05-12,-0.16732332803488917
2009-05-13,-2.5685916691641393
2009-05-14,-0.09822471459623545
2009-05-15,-0.3445717971924697
2009-05-18,2.315195092497737
2009-05-19,-0.2895076564556022
2009-05-20,1.8669778553380416
2009-05-21,-2.6187732794618914
2009-05-22,2.333803150228225
2009-05-26,2.1177297918365903
2009-05-27,-1.4540658522254712
2009-05-28,0.8937055746030921
2009-05-29,2.861955637389743
2009-06-01,5.381571450347717
2009-06-02,-0.9749850076426335
2009-06-03,-3.7715224249513866
2009-06-04,3.989013349612728
2009-06-05,-0.8947220926846643
2009-06-08,-1.5017915118270795
2009-06-09,4.842984149367764
2009-06-10,0.06357492269917552
2009-06-11,3.2516441607994455
2009-06-12,-2.9343441919155
2009-06-15,-3.7001408581776625
2009-06-16,-1.2792429790214108
2009-06-17,0.1774206917279612
2009-06-18,0.4642411036241278
2009-06-19,-0.9529101238482243
2009-06-22,-5.421567246052419
2009-06-23,3.101378430312186
2009-06-24,3.228981245405644
2009-06-25,1.4892925287915653
2009-06-26,-0.283009043366786
2009-06-29,0.8250178635057663
2009-06-30,-2.384977029115739
2009-07-01,2.4930292142172106
2009-07-02,-1.085791134737651
2009-07-06,-1.7399403260152397
2009-07-07,-1.6351569391944862
2009-07-08,-3.0263650721401034
2009-07-09,3.5893683664877365
2009-07-10,-1.1746248729773616
2009-07-13,0.5664475317619954
2009-07-14,3.4202713120774373
2009-07-15,3.9598527618326216
2009-07-16,-0.10497927586062673
2009-07-17,1.4184601129690424
2009-07-20,1.8876228553678827
2009-07-21,-0.6729910550325845
2009-07-22,3.0033436029661678
2009-07-23,0.03971276411422077
2009-07-24,-0.07943183319865528
2009-07-27,0.909636577228993
2009-07-28,-0.9891220748848736
2009-07-29,-1.724535273411087
2009-07-30,3.380717319683668
2009-07-31,2.300284319788305
2009-08-03,4.301336711081758
2009-08-04,2.083224492070943
2009-08-05,0.6255019493276236
2009-08-06,-2.124675397924874
2009-08-07,1.2299000407455314
2009-08-10,-0.5407404899583671
2009-08-11,-1.200014122868527
2009-08-12,3.1331296932217847
2009-08-13,3.1410767087657874
2009-08-14,-2.663572446447665
2009-08-17,-2.3564183203620583
2009-08-18,-0.3075483526102351
2009-08-19,-0.0906392601594297
2009-08-20,-0.6915424757607175
2009-08-21,5.0215297527506975
2009-08-24,1.2083725812416595
2009-08-25,-2.0805168421463014
2009-08-26,0.05254019777878701
2009-08-27,-0.3508156731348136
2009-08-28,2.687172302837091
2009-08-31,-4.013800199889451
2009-09-01,-0.4103893724622927
2009-09-02,0.21432556824382623
2009-09-03,1.4523772846523868
2009-09-04,0.0
2009-09-08,3.150142165289524
2009-09-09,-0.9759543504916401
2009-09-10,-1.6130770001170671
2009-09-11,-1.1253794250925393
2009-09-14,-1.4427238825289965
2009-09-15,1.4780819980484912
2009-09-16,3.2008300948391133
2009-09-17,-1.396451432882819
2009-09-18,-3.8582101043043853
2009-09-21,0.7729025950233597
2009-09-22,2.1258530589448363
2009-09-23,-1.982716569624075
2009-09-24,-3.5302021920001323
2009-09-25,1.1601221171501217
2009-09-28,-0.6244266442973044
2009-09-29,0.036836527917716466
2009-09-30,3.4036631781828786
2009-10-01,-3.01766168423175
2009-10-02,-2.0011836433556023
2009-10-05,1.72561915912097
2009-10-06,2.0934640582008184
2009-10-07,-0.18031430913193078
2009-10-08,4.119014038995247
2009-10-09,-2.0471382485470735
2009-10-12,0.6870463697601314
2009-10-13,-2.2010130812374835
2009-10-14,1.7963992754615095
2009-10-15,0.5098961779356951
2009-10-16,-0.4746418266731147
2009-10-19,4.108273792540558
2009-10-20,-1.1566775873862858
2009-10-21,3.4967453469362217
2009-10-22,-1.280259275431638
2009-10-23,1.1976195796241187
2009-10-26,-0.8134814787118994
2009-10-27,-0.36739913405036756
2009-10-28,-2.3530567691410056
2009-10-29,3.4346810938109145
2009-10-30,-2.463052190524172
2009-11-02,-0.3568685638376184
2009-11-03,0.37382942436735883
2009-11-04,1.2305246820363853
2009-11-05,-1.1457554225731779
2009-11-06,-0.16961043816964672
2009-11-09,0.5417325893014692
2009-11-10,-0.15206262295057976
2009-11-11,0.15206262295058542
2009-11-12,-0.6096509163215841
2009-11-13,0.8457376932647561
2009-11-16,4.350668258303634
2009-11-17,0.1128208558485065
2009-11-18,0.11269371382262683
2009-11-19,-0.9538511229421658
2009-11-20,0.8733663803413436
2009-11-23,0.9136900806508169
2009-11-24,-0.6885019696042152
2009-11-25,1.7203323878129901
2009-11-27,-2.3165823205989002
2009-11-30,1.7623034731454028
2009-12-01,1.731783417632551
2009-12-02,0.8702425761048042
2009-12-03,-0.3720309840771397
2009-12-04,-0.18653951872216978
2009-12-07,-0.8908421893193743
2009-12-08,-1.4388750470655904
2009-12-09,-1.3306762585741647
2009-12-10,-0.5989524863922145
2009-12-11,0.9855459321696671
2009-12-14,0.6410348654758594
2009-12-15,-0.28795613253996133
2009-12-16,2.0612765822540817
2009-12-17,-2.3982729365822406
2009-12-18,0.3369963543281656
2009-12-21,0.6228564987252695
2009-12-22,-0.6549079634899045
2009-12-23,2.046231909925084
2009-12-24,2.680043632616799
2009-12-28,1.3814273888505721
2009-12-29,-0.6200381250936445
2009-12-30,0.8910428979056454
2009-12-31,0.06012606298995013
2010-01-04,1.8018477354086322
2010-01-05,0.23584613224702525
2010-01-06,2.371539235569728
2010-01-07,-1.916156328159143
2010-01-08,-0.6912290396576078
2010-01-11,1.1883049216029709
2010-01-12,-2.6900777082789955
2010-01-13,1.4870147981314024
2010-01-14,-0.3400645017453996
2010-01-15,-0.6239779156001012
2010-01-19,2.4147232302928683
2010-01-20,-2.6833418957918624
2010-01-21,-1.839891138911101
2010-01-22,1.6154933106978095
2010-01-25,1.353684917239262
2010-01-26,-1.638650289701864
2010-01-27,-3.500014827468744
2010-01-28,-3.950074603956973
2010-01-29,-1.4341807407398988
2010-02-01,1.0613220176497944
2010-02-02,0.21091938208273112
2010-02-03,-3.866336626720554
2010-02-04,-3.1661743886675775
2010-02-05,-0.7505008435389088
2010-02-08,1.9259653992105694
2010-02-09,2.511590413310405
2010-02-10,0.08376102988417568
2010-02-11,4.693849978937908
2010-02-12,-1.6268351643395424
2010-02-16,4.43105133982308
2010-02-17,0.6194915054732189
2010-02-18,1.4256381908250955
2010-02-19,2.1681073455324524
2010-02-22,-1.5157536078042326
2010-02-23,-2.8373952280749024
2010-02-24,0.6667242418850204
2010-02-25,-1.337916080866089
2010-02-26,2.3526846726359594
2010-03-01,1.9541591232290743
2010-03-02,1.8578226551576773
2010-03-03,0.6897075155809697
2010-03-04,-1.72582830629932
2010-03-05,1.242062894330896
2010-03-08,-0.17649080978406326
2010-03-09,0.04415015911840257
2010-03-10,-1.2735247702317447
2010-03-11,0.3273300960379888
2010-03-12,0.1039265126441602
2010-03-15,-1.8722931843104837
2010-03-16,1.500634116750703
2010-03-17,1.566456494575359
2010-03-18,-0.6620116183522077
2010-03-19,-0.6812823030260363
2010-03-22,0.23749148810633022
2010-03-23,-0.08899499374364968
2010-03-24,-0.9842009985511182
2010-03-25,1.0287119318770597
2010-03-26,0.6505001106881684
2010-03-29,3.9441767379297317
2010-03-30,0.7198862018603702
2010-03-31,-0.2534873305810317
2010-04-01,0.8704224354574284
2010-04-05,1.3605659261532728
2010-04-06,-0.45608527701054447
2010-04-07,-0.48600870098430515
2010-04-08,-0.30670365140362144
2010-04-09,0.09768990131699791
2010-04-12,-0.6998935395613313
2010-04-13,1.0062981771013029
2010-04-14,0.2777391175096493
2010-04-15,-0.24993245623618918
2010-04-16,-2.3917865110946774
2010-04-19,-0.4852981383617266
2010-04-20,0.49954181123837116
2010-04-21,0.5961666548504573
2010-04-22,-1.3822824026816776
2010-04-23,0.771872074954585
2010-04-26,0.4404374253234447
2010-04-27,-4.746550355148238
2010-04-28,0.11885154843238445
2010-04-29,-1.014787351481664
2010-04-30,0.11992766893487436
2010-05-03,-1.783602714480112
2010-05-04,-3.5390960525587727
2010-05-05,-0.8409406672711055
2010-05-06,-1.1055186731841808
2010-05-07,0.882198452033392
2010-05-10,2.6474875246363103
2010-05-11,-0.6553279408315105
2010-05-12,-0.5651470965294676
2010-05-13,1.3603507519910363
2010-05-14,-3.0432039764373147
2010-05-17,-6.618352896636328
2010-05-18,3.347379671961233
2010-05-19,-2.427912961211092
2010-05-20,-0.492742183147209
2010-05-21,3.875553519545505
2010-05-24,2.7474190971927683
2010-05-25,-3.3390436912914447
2010-05-26,1.2449008175580674
2010-05-27,2.5712463620215726
2010-05-28,-1.7444662311482624
2010-06-01,-1.3981689102708916
2010-06-02,-0.7229685151701909
2010-06-03,-3.1323266763421147
2010-06-04,-4.382545487463946
2010-06-07,-1.920544948186861
2010-06-08,0.4881135952767301
2010-06-09,2.4934482575952424
2010-06-10,0.4563016533786023
2010-06-11,1.5291318385270745
2010-06-14,3.0735119095694916
2010-06-15,0.4171903437465075
2010-06-16,-0.2835022047423627
2010-06-17,-3.103786696357027
2010-06-18,-0.743493435125416
2010-06-21,1.9931879777630908
2010-06-22,1.7371238128249251
2010-06-23,-1.9073903651770485
2010-06-24,2.32451110663504
2010-06-25,2.952967674846247
2010-06-28,-0.7952616214288191
2010-06-29,-5.114755035610092
2010-06-30,0.7006841615965334
2010-07-01,-2.4479794286447962
2010-07-02,1.352075857355195
2010-07-06,1.9100169154498823
2010-07-07,1.5254688293015481
2010-07-08,0.04989243410714263
2010-07-09,1.239382717185109
2010-07-12,-1.4891100836498699
2010-07-13,0.33283406856523984
2010-07-14,-0.28284185720203375
2010-07-15,0.13320637641393923
2010-07-16,-2.749605655965594
2010-07-19,0.30737130094424575
2010-07-20,2.192332630968109
2010-07-21,2.942112208945501
2010-07-22,2.353054770151538
2010-07-23,0.7722012437411067
2010-07-26,1.2480649617919461
2010-07-27,-0.6220854108468786
2010-07-28,1.0861266179707383
2010-07-29,1.3945529702025246
2010-07-30,0.6522547902751966
2010-08-02,2.3312493194430064
2010-08-03,-0.8902127438146467
2010-08-04,1.3470720912792784
2010-08-05,-1.4812876711164131
2010-08-06,-0.3288539976660247
2010-08-09,0.3288539976660281
2010-08-10,-1.1859328909597366
2010-08-11,-1.782634240348394
2010-08-12,0.9181386913516603
2010-08-13,-0.9488941020261297
2010-08-16,0.7811959693068776
2010-08-17,1.8293697717269561
2010-08-18,0.3439734676854892
2010-08-19,-0.9450265257376818
2010-08-20,-0.8020085373928499
2010-08-23,0.01519793942627592
2010-08-24,-1.5924404702127364
2010-08-25,-0.8836606623269094
2010-08-26,2.9005352608564667
2010-08-27,1.7543009467338648
2010-08-30,1.446093472886604
2010-08-31,-1.5353134317275434
2010-09-01,3.1483627795416638
2010-09-02,0.5606287287936732
2010-09-03,0.1575615386313817
2010-09-07,-0.8624452283536362
2010-09-08,0.7765339689239856
2010-09-09,-1.6464820700756166
2010-09-10,-1.0687453001224692
2010-09-13,2.1694043058922885
2010-09-14,-0.34626626762498053
2010-09-15,-0.04337201934475625
2010-09-16,0.7203631618408284
2010-09-17,0.8718681709085515
2010-09-20,-0.4993212068941922
2010-09-21,-0.6168905769356414
2010-09-22,2.3888555474533018
2010-09-23,0.741936246316842
2010-09-24,0.7918379774656219
2010-09-27,-0.5550234671800514
2010-09-28,1.1207357499269488
2010-09-29,0.6172446080955758
2010-09-30,-0.28757822293704854
2010-10-01,1.0232749975556428
2010-10-04,-0.7083539387080123
2010-10-05,1.6674980390342244
2010-10-06,0.7233775644640511
2010-10-07,-1.9543715076288597
2010-10-08,2.500128457763377
2010-10-11,0.34455404979036186
2010-10-12,0.0396770403900774
2010-10-13,0.868998050039611
2010-10-14,-0.13117871705666376
2010-10-15,0.6672376119621777
2010-10-18,0.4163970114746038
2010-10-19,-2.511472204377787
2010-10-20,0.8881865324177529
2010-10-21,-0.3437341094953172
2010-10-22,0.42289033834261597
2010-10-25,1.6998269840955642
2010-10-26,0.18135258532709428
2010-10-27,-2.35705953553887
2010-10-28,0.30429659214195015
2010-10-29,-1.4101596427161274
2010-11-01,1.2382813541026527
2010-11-02,1.4451073454715004
2010-11-03,-1.41864723658084
2010-11-04,3.305013056319195
2010-11-05,0.9553579859300297
2010-11-08,0.2152878451498483
2010-11-09,2.177266384454415
2010-11-10,-1.8362930190799605
2010-11-11,1.3026247426553472
2010-11-12,-3.276082494677916
2010-11-15,0.8833219247204354
2010-11-16,-5.205833875474177
2010-11-17,0.12076250625840923
2010-11-18,2.698933526516453
2010-11-19,0.06524583712156877
2010-11-22,-2.2025264543160668
2010-11-23,-1.301946072016099
2010-11-24,1.461840626273264
2010-11-26,-0.1199001189963658
2010-11-29,0.18644218068184712
2010-11-30,1.7148569156415165
2010-12-01,3.1666989994938963
2010-12-02,0.7825333010682637
2010-12-03,0.45157848262418293
2010-12-06,0.22503575641305756
2010-12-07,0.9940429810516531
2010-12-08,1.2410287619541858
2010-12-09,-0.3180044572279285
2010-12-10,0.5741166556684588
2010-12-13,2.275974301687617
2010-12-14,0.04760992914727656
2010-12-15,-1.8011968377618697
2010-12-16,-0.388498020885432
2010-12-17,1.0286293982660186
2010-12-20,1.1372633291893042
2010-12-21,1.6527390733661835
2010-12-22,-0.03513389949272373
2010-12-23,-0.39901938980961654
2010-12-27,0.5394698309031692
2010-12-28,1.1396747731404901
2010-12-29,-0.34750102534544364
2010-12-30,1.0963154664064791
2010-12-31,1.8872707999347353
2011-01-03,0.26993794821881195
2011-01-04,-1.9966589598124318
2011-01-05,0.8670928330692064
2011-01-06,-1.8458563149704061
2011-01-07,-1.1287734967210006
2011-01-10,-0.42219192510324616
2011-01-11,1.9666733001885544
2011-01-12,1.441501315174235
2011-01-13,-0.7982673750011456
2011-01-14,0.8323399366733141
2011-01-18,0.34005624336528584
2011-01-19,-1.3328171905556332
2011-01-20,-2.2616290121060088
2011-01-21,0.8759269194008619
2011-01-24,0.960479865050135
2011-01-25,-2.8621765114915343
2011-01-26,0.9788412949461879
2011-01-27,1.641191434020861
2011-01-28,0.7934296270210348
2011-01-31,1.9396113876182446
2011-02-01,1.979816562272987
2011-02-02,-0.1322469233928356
2011-02-03,0.022051550346464718
2011-02-04,0.7906971127355963
2011-02-07,-0.07659867222247073
2011-02-08,0.01094029543646056
2011-02-09,-1.0674117978615207
2011-02-10,0.3864720898041573
2011-02-11,-0.13233442055133288
2011-02-14,2.0101180368239793
2011-02-15,-1.9990896154765916
2011-02-16,-1.4559808851844835
2011-02-17,0.3129879328954549
2011-02-18,-0.033490645287928306
2011-02-22,-3.0147319091811493
2011-02-23,-1.6707669549502535
2011-02-24,1.2325731367198987
2011-02-25,2.4994153292759727
2011-02-28,0.9423514557063242
2011-03-01,0.27874933751428344
2011-03-02,-0.23409974979716489
2011-03-03,-0.11167202687078535
2011-03-04,-0.06705672662814002
2011-03-07,-3.620199860703257
2011-03-08,0.2778331740948639
2011-03-09,-2.944660571562405
2011-03-10,-0.35782161142224117
2011-03-11,0.25061063861911975
2011-03-14,-0.5138353906532328
2011-03-15,-1.1689007146463324
2011-03-16,1.4918418963053544
2011-03-17,3.496781746968681
2011-03-18,-0.15001484967695553
2011-03-21,-1.2551095043200369
2011-03-22,0.6527673203176637
2011-03-23,2.637157400647717
2011-03-24,-0.1018944276482433
2011-03-25,-0.12467759370854334
2011-03-28,-1.5545018949335616
2011-03-29,-0.06913534664600937
2011-03-30,-1.6621595497854542
2011-03-31,0.7938495294610172
2011-04-01,-1.134317470593998
2011-04-04,-0.11767745193312983
2011-04-05,0.27044244510830834
2011-04-06,2.447497244004832
2011-04-07,1.0373373484134698
2011-04-08,1.9317754257524404
2011-04-11,-0.9275384828522288
2011-04-12,-1.721245938609502
2011-04-13,-2.054081593980904
2011-04-14,-0.21008001872489354
2011-04-15,-0.6211616976542668
2011-04-18,-1.396968814923328
2011-04-19,0.7364361240435263
2011-04-20,2.6048371610973287
2011-04-21,1.408222850763464
2011-04-25,-2.230225705906093
2011-04-26,0.40605481584159336
2011-04-27,-2.1060835376835207
2011-04-28,0.3894498726227619
2011-04-29,-1.8905436992791065
2011-05-02,0.40727707054682843
2011-05-03,1.3654088745303519
2011-05-04,-2.8588678747942966
2011-05-05,-3.331173722134538
2011-05-06,-0.5535320223197724
2011-05-09,1.0166429066517348
2011-05-10,0.6348392539482777
2011-05-11,-3.2153071184034516
2011-05-12,1.4881050912010758
2011-05-13,0.3654443710697927
2011-05-16,0.20105901413386532
2011-05-17,0.2006496039658711
2011-05-18,2.6823248493398912
2011-05-19,-1.2889209861934048
2011-05-20,1.763455633964925
2011-05-23,-3.181917197466632
2011-05-24,0.5623207629031494
2011-05-25,2.206027638676276
2011-05-26,0.12180870153640344
2011-05-27,1.7498842477318528
2011-05-31,-0.14366198673027214
2011-06-01,-1.7036573494511358
2011-06-02,-0.5498892661047843
2011-06-03,1.2057873905058003
2011-06-06,0.16934730827061129
2011-06-07,0.18111928995381127
2011-06-08,-0.9576353114055506
2011-06-09,-0.03655064221574116
2011-06-10,-1.2629643444972936
2011-06-13,-0.532017603192513
2011-06-14,3.0181256967909196
2011-06-15,-0.7854500146261937
2011-06-16,-0.09710370944098784
2011-06-17,-0.35276879403807876
2011-06-20,-0.6847753551872673
2011-06-21,0.35520011797309875
2011-06-22,0.01223062958078052
2011-06-23,-1.205284864187779
2011-06-24,1.4128839476047461
2011-06-27,-1.1533853881415175
2011-06-28,0.994670563882915
2011-06-29,2.8309986874640827
2011-06-30,1.4738226432406634
2011-07-01,0.46707188455193305
2011-07-05,1.089117658053909
2011-07-06,-0.28850717295776224
2011-07-07,2.4092098637717196
2011-07-08,-0.6678389547494756
2011-07-11,-1.0044633702871477
2011-07-12,0.5263116060167142
2011-07-13,0.2962630270088763
2011-07-14,-0.5133088626531235
2011-07-15,0.7519686969282802
2011-07-18,-0.20452913027309605
2011-07-19,1.456579863321818
2011-07-20,-0.7199848456451597
2011-07-21,-1.1583167642406258
2011-07-22,0.6148949050532626
2011-07-25,-0.06813042468822585
2011-07-26,1.6337414899104077
2011-07-27,-0.7515924202646788
2011-07-28,0.5390281117798756
2011-07-29,0.21256430848480393
2011-08-01,-1.576968326733372
2011-08-02,-0.34117778850786196
2011-08-03,-1.5845954807256393
2011-08-04,-2.081708287700917
2011-08-05,-2.828569027156239
2011-08-08,-3.8540160890425974
2011-08-09,0.2397635501957731
2011-08-10,-2.0758479569580937
2011-08-11,3.0167042985911645
2011-08-12,0.12478450531101784
2011-08-15,0.5471929154068625
2011-08-16,-0.9345256591471238
2011-08-17,0.8724933434455167
2011-08-18,-1.613842670036703
2011-08-19,0.45300507378310123
2011-08-22,-0.6676345538287295
2011-08-23,0.9684958941638477
2011-08-24,0.06256791173236327
2011-08-25,2.030778492017659
2011-08-26,0.4891176538137509
2011-08-29,-0.2442539513753028
2011-08-30,0.8280592458660831
2011-08-31,1.5403349866435538
2011-09-01,-1.0684986848484852
2011-09-02,-0.8606647578121516
2011-09-06,-1.657182383583717
2011-09-07,1.863934645493839
2011-09-08,0.3032648563195165
2011-09-09,-3.462851935272386
2011-09-12,-0.9322300075141571
2011-09-13,0.1391280343555905
2011-09-14,-1.8110455056228003
2011-09-15,1.5325956011009012
2011-09-16,-0.6357264110747605
2011-09-19,-3.8618843621409598
2011-09-20,-1.4690452656638864
2011-09-21,0.9906356978640113
2011-09-22,-7.551277727120927
2011-09-23,-6.177451521970428
2011-09-26,0.0916456732251081
2011-09-27,4.609660978280437
2011-09-28,-5.807648993230394
2011-09-29,0.03089533511648929
2011-09-30,-2.883308732100435
2011-10-03,-0.15910507585679737
2011-10-04,-1.4596470175366876
2011-10-05,0.0968999077057956
2011-10-06,4.46693032797592
2011-10-07,0.8454408620259193
2011-10-10,2.881695745162642
2011-10-11,-2.24086630876925
2011-10-12,3.0850054899024313
2011-10-13,-2.6297663091724455
2011-10-14,3.0565170896981035
2011-10-17,-0.9294117886393876
2011-10-18,-0.5350027812329066
2011-10-19,-3.0715792529677115
2011-10-20,-6.326904614327391
2011-10-21,5.245483689328635
2011-10-24,6.8433511560758875
2011-10-25,-0.815621084403385
2011-10-26,1.998039754874615
2011-10-27,5.602690715730006
2011-10-28,0.35177987315852166
2011-10-31,-1.991607383489439
2011-11-01,-3.6622777760466283
2011-11-02,2.26093909778868
2011-11-03,0.16752878055296763
2011-11-04,-0.6016138610482951
2011-11-07,-0.8455510235058629
2011-11-08,-0.028306511516780108
2011-11-09,-2.6683601265758714
2011-11-10,-1.9526407703619713
2011-11-11,2.61921337684726
2011-11-14,0.6765107951262539
2011-11-15,0.3865700247094821
2011-11-16,-0.48703604351702817
2011-11-17,-2.9139632211796758
2011-11-18,0.5896237943778879
2011-11-21,-3.07440796341179
2011-11-22,0.9503009319785591
2011-11-23,-1.6041498614440846
2011-11-25,-0.2902767905105351
2011-11-28,2.7316304297856635
2011-11-29,0.5197108404123133
2011-11-30,5.39113211878616
2011-12-01,-1.1573845258030735
2011-12-02,1.4236596957828451
2011-12-05,0.8778736996782511
2011-12-06,-1.0740062778557502
2011-12-07,-0.5766120864968268
2011-12-08,-1.5779708912268653
2011-12-09,1.6343683839612224
2011-12-12,-2.64244390811104
2011-12-13,-0.6388892032298008
2011-12-14,-4.819310475256217
2011-12-15,-0.35219029922465506
2011-12-16,1.959502384212166
2011-12-19,-0.6943352721668448
2011-12-20,1.8607919107994493
2011-12-21,0.7701466811901809
2011-12-22,0.5884095041473376
2011-12-23,1.58606754323159
2011-12-27,-1.7328421490301509
2011-12-28,-1.3010280844986617
2011-12-29,0.16355897807005587
2011-12-30,1.9420938603844504
2012-01-03,2.688299218064518
2012-01-04,-2.7465955328976492
2012-01-05,-0.20432604607086755
2012-01-06,0.2480514679426967
2012-01-09,-0.5406629643986267
2012-01-10,2.817090219617595
2012-01-11,0.8934357302186643
2012-01-12,2.8531601990578745
2012-01-13,-0.32985417168890635
2012-01-17,2.555183878315819
2012-01-18,0.5620223092393339
2012-01-19,1.338741365107311
2012-01-20,-1.4989989322293764
2012-01-23,1.419974097789098
2012-01-24,0.2500439091176808
2012-01-25,0.5505361134801424
2012-01-26,1.8648565699911528
2012-01-27,-0.34702110278106396
2012-01-30,-1.596298161222458
2012-01-31,-0.9067707148738948
2012-02-01,1.337552559264248
2012-02-02,-1.615164064803973
2012-02-03,3.1277014844171385
2012-02-06,-0.979897129167671
2012-02-07,0.34922043797187047
2012-02-08,0.8613528041140808
2012-02-09,1.7385132580314508
2012-02-10,-2.9361315537515646
2012-02-13,-0.5846840189156927
2012-02-14,-0.6667951965436839
2012-02-15,-0.35481934599291115
2012-02-16,-0.26364344810289314
2012-02-17,-2.2154965365279233
2012-02-21,3.409496197863616
2012-02-22,-0.09134168620638791
2012-02-23,-0.6680179565655714
2012-02-24,1.5130026171756592
2012-02-27,0.4520553251698412
2012-02-28,0.8213553927836984
2012-02-29,-1.0665016727071073
2012-03-01,1.3855231337638207
2012-03-02,-0.7416925079124502
2012-03-05,-1.1099748279284274
2012-03-06,-3.204599838529923
2012-03-07,0.78756351864141
2012-03-08,0.6758141202286879
2012-03-09,1.741222199659848
2012-03-12,-0.5465892943332957
2012-03-13,1.682235732572909
2012-03-14,-1.4085676360502861
2012-03-15,1.2930087700156987
2012-03-16,-0.4635570338354913
2012-03-19,0.8226222879969942
2012-03-20,-2.017131504576861
2012-03-21,0.5600762847944476
2012-03-22,-2.1531623108136455
2012-03-23,1.108631015546001
2012-03-26,1.9753722462403631
2012-03-27,-0.1674288704205941
2012-03-28,-2.400324187532733
2012-03-29,0.18467145783294756
2012-03-30,0.7876116379945348
2012-04-02,2.4411949617079336
2012-04-03,-0.07658976707744718
2012-04-04,-3.376502454938139
2012-04-05,0.15837516441981353
2012-04-09,-2.011390079633679
2012-04-10,-1.9017191363341863
2012-04-11,-0.2746497387432883
2012-04-12,2.189822322848481
2012-04-13,-2.5479990870448255
2012-04-16,0.02760220639097711
2012-04-17,0.5503585872993867
2012-04-18,-0.4400456017598273
2012-04-19,-0.04135721935990605
2012-04-20,1.8983214772107329
2012-04-23,-1.9948794497813407
2012-04-24,1.3297902961392365
2012-04-25,0.7867659669956012
2012-04-26,1.807637810055537
2012-04-27,1.370607829425715
2012-04-30,0.3527794991751854
2012-05-01,0.16941441133652307
2012-05-02,-1.4294352586401295
2012-05-03,-1.3831859146124486
2012-05-04,-0.2547779246675778
2012-05-07,1.4264039174506729
2012-05-08,-2.465621615485356
2012-05-09,-0.4350732618088933
2012-05-10,0.5977421896288527
2012-05-11,-1.1716750752976755
2012-05-14,-2.539864383243231
2012-05-15,-0.9888439786565744
2012-05-16,-1.0561017083711306
2012-05-17,-0.1579392911234816
2012-05-18,-0.28781111507453
2012-05-21,0.9894648328230933
2012-05-22,-0.4720024902375301
2012-05-23,-2.599810966367851
2012-05-24,0.908162074522224
2012-05-25,0.5525694968960403
2012-05-29,0.4485305563681762
2012-05-30,-2.24827403358143
2012-05-31,-0.7112174006178889
2012-06-01,-1.573655864510297
2012-06-04,-0.18143464618966662
2012-06-05,-0.47022704204489585
2012-06-06,2.7148237271948688
2012-06-07,-0.2815450295867621
2012-06-08,-2.5854428907113256
2012-06-11,1.8556788844878684
2012-06-12,-0.3293884623492918
2012-06-13,0.17979637809660554
2012-06-14,0.41829094068005396
2012-06-15,0.9200212849286127
2012-06-18,0.32443379432249525
2012-06-19,1.0690583829480673
2012-06-20,-1.3491920566484452
2012-06-21,-2.739071364417539
2012-06-22,0.30303023935702356
2012-06-25,0.2719392695934226
2012-06-26,0.045256195645655944
2012-06-27,0.9306551465631021
2012-06-28,-0.6144626304846906
2012-06-29,4.813136563125195
2012-07-02,-0.7189131075822215
2012-07-03,1.9859205839880743
2012-07-05,-1.324333172484321
2012-07-06,-2.423039380428453
2012-07-09,0.6295346237178607
2012-07-10,-0.9678981783336353
2012-07-11,1.4628754433812674
2012-07-12,-0.9191136505297565
2012-07-13,2.5753734518200595
2012-07-16,-0.558621159518875
2012-07-17,-0.8076155193895419
2012-07-18,0.5775349747633185
2012-07-19,1.7411563188559014
2012-07-20,-2.4491021123406944
2012-07-23,-1.9619930381097395
2012-07-24,-0.8463954426015339
2012-07-25,0.6539879025488884
2012-07-26,0.5613858222886436
2012-07-27,0.9384251871656861
2012-07-30,-0.32159525666997696
2012-07-31,0.13168926130402053
2012-08-01,-1.2654736631306422
2012-08-02,-2.5192477405761124
2012-08-03,2.3562291100509296
2012-08-06,0.6505001106881684
2012-08-07,1.5209432451923823
2012-08-08,-0.5092749850872003
2012-08-09,0.2767873174914592
2012-08-10,-0.8180038755062553
2012-08-13,-1.4924522795988178
2012-08-14,0.029768607853187377
2012-08-15,-0.23841158794187686
2012-08-16,1.0241242429126003
2012-08-17,1.0575895915526883
2012-08-20,-1.427434209171694
2012-08-21,2.430571854133833
2012-08-22,0.10120682407663167
2012-08-23,1.0350872429186793
2012-08-24,-0.2290990537813969
2012-08-27,-0.10039397954173053
2012-08-28,-0.416993998693433
2012-08-29,-0.21637031473936136
2012-08-30,-0.6374083297806046
2012-08-31,0.39161628614669247
2012-09-04,0.4189216078147425
2012-09-05,1.8142106404168499
2012-09-06,-0.2409497061232912
2012-09-07,3.69148219004673
2012-09-10,1.1963206596061011
2012-09-11,0.39112337213840564
2012-09-12,-0.121217935750701
2012-09-13,0.4571733083809654
2012-09-14,3.285907173952834
2012-09-17,-1.083351760476818
2012-09-18,-0.19704264607862523
2012-09-19,0.6944923839562831
2012-09-20,-1.486574972717109
2012-09-21,0.8183757134921976
2012-09-24,-1.536653607592361
2012-09-25,0.7447800813808292
2012-09-26,-1.5893484308909391
2012-09-27,0.9112880104568591
2012-09-28,0.664810204751168
2012-10-01,0.5286816693321132
2012-10-02,0.36841986778914065
2012-10-03,-0.3420608974288171
2012-10-04,0.0
2012-10-05,-0.21107915709629807
2012-10-08,-1.5706436328304336
2012-10-09,0.053650576287842866
2012-10-10,0.0
2012-10-11,0.8012855578287372
2012-10-12,-1.1908915067468429
2012-10-15,-0.08079776979767687
2012-10-16,-0.0943455774703997
2012-10-17,1.1929666987730343
2012-10-18,-0.14667855619216585
2012-10-19,-2.663939939861374
2012-10-22,-0.6323914979816414
2012-10-23,-1.3747349456357312
2012-10-24,0.0
2012-10-25,-0.3221032582158856
2012-10-26,-0.028063017478985444
2012-10-31,-1.0295550426940085
2012-11-01,0.7907444840096036
2012-11-02,-2.046107914978846
2012-11-05,-0.35953292846673995
2012-11-06,1.0177124868428435
2012-11-07,-1.8132591398060924
2012-11-08,0.7955466529632594
2012-11-09,-0.6069356265987578
2012-11-12,0.6789470707807074
2012-11-13,0.0
2012-11-14,-0.5051656058161786
2012-11-15,0.2601175788434706
2012-11-16,-0.31800888353428364
2012-11-19,2.1201161477062023
2012-11-20,-0.35498253056136786
2012-11-21,-0.5420082583386956
2012-11-23,0.8969907889000708
2012-11-26,0.24067681383000317
2012-11-27,0.014138247066317678
2012-11-28,-0.41084998273503903
2012-11-29,1.8705263071623301
2012-11-30,1.136057930297709
2012-12-03,0.2888836899306896
2012-12-04,-0.17873120973424295
2012-12-05,0.9177505802076655
2012-12-06,-1.0968018104571253
2012-12-07,0.5636125804552141
2012-12-10,1.1719944039870482
2012-12-11,-0.5297850359221584
2012-12-12,0.7868726983828194
2012-12-13,-1.5113645987389932
2012-12-14,0.5609138379884342
2012-12-17,-0.4375186815918996
2012-12-18,-0.3431490020861685
2012-12-19,-1.1477648962033917
2012-12-20,-1.9663535812527093
2012-12-21,0.8615245605816433
2012-12-24,-0.6065357695114474
2012-12-26,1.3770071655639686
2012-12-27,0.1951755706753701
2012-12-28,-0.34879168201296756
2012-12-31,1.7594116327008975
2013-01-02,2.2674220660029225
2013-01-03,-0.6194472347113422
2013-01-04,-0.6233083132446725
2013-01-07,-0.42225303230138356
2013-01-08,-0.16393560559334663
2013-01-09,-0.013672352493627226
2013-01-10,1.0338785610910113
2013-01-11,-1.4998936137629186
2013-01-14,-0.5510409703155887
2013-01-15,0.09665129711082397
2013-01-16,-0.8871648564498881
2013-01-17,1.5474194671080184
2013-01-18,0.4514061658202742
2013-01-22,0.7478426032408987
2013-01-23,-0.5433314359967573
2013-01-24,-0.17722056905669126
2013-01-25,-0.68456170146112
2013-01-28,0.26068552655817095
2013-01-29,0.7780037972478803
2013-01-30,1.6852437889648246
2013-01-31,-0.4421524222085486
2013-02-01,1.3868750167977781
2013-02-04,-0.4512871898124853
2013-02-05,0.07978145555796715
2013-02-06,-0.747165006435149
2013-02-07,-0.3622456539390586
2013-02-08,0.8965057989726731
2013-02-11,-0.9502862108585433
2013-02-12,0.4963479167121166
2013-02-13,-0.06693145884060958
2013-02-14,-0.10717976665738617
2013-02-15,0.026804115570035866
2013-02-19,-2.3457093374680182
2013-02-20,-1.0758733936699996
2013-02-21,-1.5372037610616789
2013-02-22,-0.5790552162638215
2013-02-25,0.3111279047922233
2013-02-26,0.7175566408226848
2013-02-27,-0.6046526790818701
2013-02-28,-0.49488010926979603
2013-03-01,-1.3126170761562397
2013-03-04,0.043079323241829406
2013-03-05,0.3868469641989675
2013-03-06,-0.6455811295312865
2013-03-07,0.7884755833717348
2013-03-08,-0.2860002166993254
2013-03-11,0.24315535981543518
2013-03-12,1.0798657432028138
2013-03-13,-0.8088041130314843
2013-03-14,0.3981219244059841
2013-03-15,-0.4408758891759795
2013-03-18,-2.6283055828603037
2013-03-19,-0.631198003919177
2013-03-20,1.1711439003191058
2013-03-21,-0.3645060318739482
2013-03-22,0.901559065402002
2013-03-25,-0.5516069603812126
2013-03-26,-0.07280836966558668
2013-03-27,0.07280836966558507
2013-03-28,-1.171315362369726
2013-04-01,-0.8133106266201777
2013-04-02,0.133538479118782
2013-04-03,-1.3885991733881107
2013-04-04,0.5996114776586544
2013-04-05,-0.16453756694422242
2013-04-08,0.834832415032112
2013-04-09,2.057079097863574
2013-04-10,-0.700526199118614
2013-04-11,0.40923585173262567
2013-04-12,-2.3315205968161017
2013-04-15,-2.0818373304312368
2013-04-16,0.8046801768497693
2013-04-17,-3.6496465881461297
2013-04-18,0.516230990228847
2013-04-19,-1.667753372825361
2013-04-22,-0.6206757349734913
2013-04-23,-1.2206983561137452
2013-04-24,2.047412859393553
2013-04-25,2.5016915919622718
2013-04-26,-1.65035582786595
2013-04-29,1.2635739046357732
2013-04-30,-1.1851099620332377
2013-05-01,-3.349596061585019
2013-05-02,0.711173977119111
2013-05-03,6.51523210323344
2013-05-06,-0.10568385703963075
2013-05-07,-0.28742253825980285
2013-05-08,2.1135504809592827
2013-05-09,-0.8789630431290197
2013-05-10,0.43299515939145994
2013-05-13,0.1786258891027239
2013-05-14,-2.1496525274905944
2013-05-15,-0.7167385948907211
2013-05-16,0.7623179258447486
2013-05-17,0.8770672642644031
2013-05-20,1.0781779260212672
2013-05-21,-0.5376394557078397
2013-05-22,1.1464450830994515
2013-05-23,-2.3364869420970265
2013-05-24,-0.24275226322159055
2013-05-28,0.605786508934083
2013-05-29,-0.6209844483603533
2013-05-30,0.5907770804924731
2013-05-31,-0.6515629505918499
2013-06-03,1.148739015291835
2013-06-04,1.1356998132437095
2013-06-05,0.05942048382346906
2013-06-06,-1.5262938097541277
2013-06-07,-1.5193228195186248
2013-06-10,-0.8301338965712678
2013-06-11,-1.4303727286460535
2013-06-12,0.9971982452314646
2013-06-13,-1.248064961791945
2013-06-14,0.610378840422689
2013-06-17,-0.07804752676054724
2013-06-18,-1.4153354077679263
2013-06-19,-0.4285372758784457
2013-06-20,-2.6431841748381526
2013-06-21,1.1367399914976202
2013-06-24,-2.3030792595266356
2013-06-25,1.476165082504169
2013-06-26,-0.9816901438057891
2013-06-27,0.3774557809973565
2013-06-28,-0.06554460285321992
2013-07-01,3.368300282652735
2013-07-02,-0.41289598395620514
2013-07-03,1.0133102830898502
2013-07-05,-3.006305770157291
2013-07-08,1.0175360781410532
2013-07-09,-1.1474889413700629
2013-07-10,0.8094619293668097
2013-07-11,2.6256573775508647
2013-07-12,-0.40919198602187334
2013-07-15,-0.300087933410567
2013-07-16,1.210613637023635
2013-07-17,-1.861252905101184
2013-07-18,0.0636592427652163
2013-07-19,0.2383845908756386
2013-07-22,1.2461710889380757
2013-07-23,0.2661406095404226
2013-07-24,-0.5172829596264024
2013-07-25,0.21977935402953835
2013-07-26,-2.524944339449109
2013-07-29,0.24094247946811562
2013-07-30,-2.452417312493358
2013-07-31,2.516574283217984
2013-08-01,1.4484945607147133
2013-08-02,0.1736821490916151
2013-08-05,-0.07890972252701008
2013-08-06,0.15774971035551913
2013-08-07,0.17324449572901357
2013-08-08,2.884813442358448
2013-08-09,1.155206852907169
2013-08-12,-0.06047145935446355
2013-08-13,0.3622670806693602
2013-08-14,0.6607644964377937
2013-08-15,-0.07486882598042287
2013-08-16,0.7907534298745956
2013-08-19,-0.8357045041884387
2013-08-20,0.08987481236582295
2013-08-21,-0.8419799503674443
2013-08-22,0.6471501899977906
2013-08-23,0.5684399320808601
2013-08-26,-0.8990162821521309
2013-08-27,0.3155748117952684
2013-08-28,-0.7681356994795513
2013-08-29,-1.9234287034451316
2013-08-30,-0.587420264156435
2013-09-03,2.1928369058610913
2013-09-04,-1.8368783070403671
2013-09-05,0.13893980740592082
2013-09-06,0.523157382763446
2013-09-09,0.5357068674990638
2013-09-10,-0.4283371245362786
2013-09-11,-0.1534175234533055
2013-09-12,-1.3603520853736637
2013-09-13,-0.17135538439709555
2013-09-16,0.6216986415038552
2013-09-17,0.030981488476183833
2013-09-18,1.704718592491888
2013-09-19,2.005040408063872
2013-09-20,-0.6739014555531806
2013-09-23,-0.5877499129122515
2013-09-24,-1.2930892296585654
2013-09-25,0.45829186466668503
2013-09-26,0.7137995605415295
2013-09-27,0.6486216543726333
2013-09-30,-0.1354069923904686
2013-10-01,-1.4864530784958416
2013-10-02,1.1999839355241624
2013-10-03,-1.5060750903638227
2013-10-04,0.9610282956712934
2013-10-07,-0.12152359190205107
2013-10-08,-0.22825645369387373
2013-10-09,-1.8605947697464116
2013-10-10,0.6034840009021875
2013-10-11,0.7377890119604389
2013-10-14,1.0662659164513966
2013-10-15,0.12113716171034339
2013-10-16,-0.105987892070135
2013-10-17,-0.34903690737909726
2013-10-18,0.12154205358748847
2013-10-21,0.09106150232874974
2013-10-22,0.9812148595627447
2013-10-23,-1.8802687669380664
2013-10-24,-0.1685202474226817
2013-10-25,0.13790397312274705
2013-10-28,-0.13790397312276126
2013-10-29,0.4436675584713008
2013-10-30,1.3644795738831523
2013-10-31,-0.7860897450413304
2013-11-01,-0.03036326466419762
2013-11-04,-1.4065360940338076
2013-11-05,0.15384970545166388
2013-11-06,-0.5395053472296744
2013-11-07,0.4318383470145488
2013-11-08,0.12303749457682461
2013-11-11,0.2762875985491493
2013-11-12,-0.7848023261747973
2013-11-13,-2.2655445908329708
2013-11-14,-0.09486232990327334
2013-11-15,0.37891058008122014
2013-11-18,-0.616457073343769
2013-11-19,0.26917475631256665
2013-11-20,-0.015812881091237244
2013-11-21,1.132266021142706
2013-11-22,0.9028717546176586
2013-11-25,0.3866696476109679
2013-11-26,-0.30921453811690464
2013-11-27,-0.886546895377463
2013-11-29,0.9329867526670867
2013-12-02,-0.4032267106235554
2013-12-03,-0.5141398354533565
2013-12-04,2.178537590125008
2013-12-05,-0.30614531468253325
2013-12-06,0.24498972736121527
2013-12-09,0.7920840395304789
2013-12-10,0.1819021829643053
2013-12-11,0.9045733556472335
2013-12-12,0.01500604054983017
2013-12-13,0.5984452594320125
2013-12-16,0.7134373213920386
2013-12-17,-0.26693844957139085
2013-12-18,-0.17836038662361298
2013-12-19,-0.6118035689798061
2013-12-20,0.2242636226384042
2013-12-23,0.07464528709919828
2013-12-24,1.9799674886723413
2013-12-26,0.9320022136067666
2013-12-27,0.592528487063291
2013-12-30,-1.4367851274797254
2013-12-31,0.6120656963344427
2014-01-02,-0.29099367541608717
2014-01-03,-0.7458918577503869
2014-01-06,0.17600597393904877
2014-01-07,-0.029310494932412137
2014-01-08,-0.5143643772270993
2014-01-09,-1.1708172880870045
2014-01-10,0.9790907916110998
2014-01-13,0.3830861057650606
2014-01-14,-0.3535679503720867
2014-01-15,0.5445620739413007
2014-01-16,-0.45605282014961385
2014-01-17,-0.36930532119027343
2014-01-21,0.38404807855621237
2014-01-22,-0.4876975954722293
2014-01-23,-1.567781558958138
2014-01-24,-0.5583683094984735
2014-01-27,-0.30312210992286287
2014-01-28,-0.25837420909959646
2014-01-29,-0.5340719886943349
2014-01-30,-0.922231322558038
2014-01-31,-0.5419204701379665
2014-02-03,-0.6542050808279264
2014-02-04,0.5454676800956338
2014-02-05,-0.07774414561744945
2014-02-06,1.37486099965639
2014-02-07,0.36753013981622634
2014-02-10,0.030572090776263577
2014-02-11,-0.061146239849871754
2014-02-12,1.3818469078599473
2014-02-13,-0.25670378024367135
2014-02-14,0.4073932627707522
2014-02-18,0.6005188232828894
2014-02-19,-0.14979374737246984
2014-02-20,-0.34537523223630545
2014-02-21,0.36036327881480046
2014-02-24,0.6870826771956129
2014-02-25,-0.6271458023820388
2014-02-26,-2.073476968360669
2014-02-27,-1.0144566604933902
2014-02-28,0.06177894917401167
2014-03-03,-0.5573671520586981
2014-03-04,1.2650551360168503
2014-03-05,-0.2609522055065203
2014-03-06,0.6892893300428021
2014-03-07,-3.7006696389974865
2014-03-10,-1.468033460538189
2014-03-11,-2.5890951522164607
2014-03-12,-0.16509417938034432
2014-03-13,-1.180103435676697
2014-03-14,0.7495675373163944
2014-03-17,-0.36574996025267836
2014-03-18,-0.250151773647136
2014-03-19,1.1125127391927627
2014-03-20,-1.7322233314810938
2014-03-21,0.603013129766158
2014-03-24,-0.15041073309783312
2014-03-25,1.8558939795166658
2014-03-26,-1.1558941729575323
2014-03-27,0.859936610101119
2014-03-28,0.7382541339122046
2014-03-31,-0.4094690093854084
2014-04-01,0.27862344122683474
2014-04-02,0.32679735818230643
2014-04-03,-0.5890110588727524
2014-04-04,-0.13136121947933682
2014-04-07,0.6714164250958911
2014-04-08,0.42345378346499446
2014-04-09,-0.3418791886405748
2014-04-10,0.0652133521500727
2014-04-11,-0.06521335215006306
2014-04-14,0.032608105214566724
2014-04-15,-1.6602638890925103
2014-04-16,1.1208266464361654
2014-04-17,0.6209187844784864
2014-04-21,-0.0488762948866464
2014-04-22,0.3416566907481962
2014-04-23,0.11362665658975915
2014-04-24,1.7528748383882031
2014-04-25,-0.3033382487808566
2014-04-28,-0.5933812409364179
2014-04-29,-1.1648736600288372
2014-04-30,-1.4093967432875136
2014-05-01,-0.016504539317030976
2014-05-02,1.7183962223149263
2014-05-05,-0.3413234996206013
2014-05-06,0.13016430103334015
2014-05-07,-0.7999432666949859
2014-05-08,1.0435465770263697
2014-05-09,0.5822473388874397
2014-05-12,2.1063482629690227
2014-05-13,-0.5383229721216306
2014-05-14,0.7748953750251384
2014-05-15,-0.37879098285105706
2014-05-16,-0.03162826305003407
2014-05-19,0.5835546662073967
2014-05-20,-0.7418613166616497
2014-05-21,-0.8112609769064659
2014-05-22,0.6844395078750525
2014-05-23,0.8844061522489263
2014-05-27,0.4236289374302554
2014-05-28,-0.1566943117485762
2014-05-29,-1.1037591517074827
2014-05-30,-0.5564896189555302
2014-06-02,1.361857439440283
2014-06-03,-1.0593808286397044
2014-06-04,-1.6669739132229795
2014-06-05,-0.08084142441598571
2014-06-06,-1.2369984060417794
2014-06-09,-0.24596005599298695
2014-06-10,0.3114510028971936
2014-06-11,-0.4264402455102677
2014-06-12,-0.8252265119525044
2014-06-13,0.44646541094263387
2014-06-16,0.5429876458296907
2014-06-17,0.344007368117868
2014-06-18,-0.06542958090313906
2014-06-19,0.6361661424794806
2014-06-20,1.3726503220371304
2014-06-23,0.894142245735658
2014-06-24,0.03179167002422824
2014-06-25,0.4439499477757635
2014-06-26,0.015817883617517545
2014-06-27,-0.38035177492881767
2014-06-30,1.2308829852462624
2014-07-01,0.09405929538282284
2014-07-02,1.9089606482999228
2014-07-03,0.3835845861024282
2014-07-07,-0.506641005245439
2014-07-08,-0.16945480703819812
2014-07-09,-0.2006330070827434
2014-07-10,0.6006954363138645
2014-07-11,0.07675362004841367
2014-07-14,-0.6156701071882671
2014-07-15,0.0
2014-07-16,-1.0398229588416052
2014-07-17,0.12473300334858992
2014-07-18,-1.096676668516155
2014-07-21,0.3930528601640798
2014-07-22,0.28203793584295667
2014-07-23,-0.01564709411397865
2014-07-24,1.8297926035433718
2014-07-25,-0.8332080491893349
2014-07-28,0.12387578344215285
2014-07-29,-0.6676485366486611
2014-07-30,0.7140670319323619
2014-07-31,-0.29432370461068114
2014-08-01,-0.5132601957667484
2014-08-04,0.9312490402396237
2014-08-05,-1.1654282663697324
2014-08-06,-1.1475400103019961
2014-08-07,0.2526492893460549
2014-08-08,-0.14203902745214797
2014-08-11,0.031585850509453645
2014-08-12,-0.5699865313966943
2014-08-13,-1.374921217588563
2014-08-14,-0.6621988134959939
2014-08-15,0.3720144025860346
2014-08-18,0.19354980707556999
2014-08-19,-0.5655642096615964
2014-08-20,2.8278910519144684
2014-08-21,-0.06303477907770505
2014-08-22,0.84759418754313
2014-08-25,0.4522468950764637
2014-08-26,-0.9850787612263444
2014-08-27,-0.23597693160881442
2014-08-28,-1.523600277149438
2014-08-29,0.2715037790993607
2014-09-02,-0.01594907919505365
2014-09-03,-0.7364747254778332
2014-09-04,0.864003787887696
2014-09-05,0.6193942542546924
2014-09-08,-0.01583291140081874
2014-09-09,-2.015422114978031
2014-09-10,0.3226326486118225
2014-09-11,-0.5652978720292623
2014-09-12,0.4847353219877066
2014-09-15,-0.679281542874167
2014-09-16,2.5317806049702227
2014-09-17,-0.5871663113857662
2014-09-18,-1.5720575613556067
2014-09-19,-0.12942724684235296
2014-09-22,-1.6486104232512768
2014-09-23,-0.11528113801331184
2014-09-24,0.8204869110908141
2014-09-25,0.01634002019371403
2014-09-26,-1.0182350736688874
2014-09-29,0.7892158478196862
2014-09-30,-1.5680735489825757
2014-10-01,0.9273084422221053
2014-10-02,-1.2272107930389404
2014-10-03,-0.06676994009024971
2014-10-06,1.1950354402737364
2014-10-07,0.13190269418056816
2014-10-08,-1.1434339283837849
2014-10-09,0.929008533122223
2014-10-10,0.1320115169267288
2014-10-13,0.14830396492078382
2014-10-14,1.5846140904851356
2014-10-15,-2.6440534133022093
2014-10-16,-0.869135464461994
2014-10-17,0.7525761361514791
2014-10-20,-0.35049537332926006
2014-10-21,1.3451976150570488
2014-10-22,-0.28082485959981934
2014-10-23,0.9057258857504367
2014-10-24,0.03278695088415863
2014-10-27,0.8810613230701776
2014-10-28,0.9860238229579549
2014-10-29,0.11253066843000545
2014-10-30,-1.2936778660967998
2014-10-31,-0.3587128497058787
2014-11-03,0.6025537657488498
2014-11-04,-1.5050179199503442
2014-11-05,-0.3632737810885442
2014-11-06,0.2643284882331114
2014-11-07,0.7233329116821146
2014-11-10,-0.8223762032204285
2014-11-11,0.4613676785042529
2014-11-12,-0.2304216927853537
2014-11-13,-1.1601007759048492
2014-11-14,1.9315516005284825
2014-11-17,-0.2783497196586332
2014-11-18,-1.270541674078925
2014-11-19,1.1885255207630263
2014-11-20,-0.6420309373679943
2014-11-21,0.2474284696995233
2014-11-24,-1.0266736033145736
2014-11-25,-1.441767923397857
2014-11-26,-0.03377563011700099
2014-11-28,-3.4367693071480567
2014-12-01,2.4351479196146197
2014-12-02,-0.5817935524755464
2014-12-03,-0.706114472794478
2014-12-04,1.3561275425031587
2014-12-05,-0.2389884961139796
2014-12-08,-0.5140472790988673
2014-12-09,1.229314188928925
2014-12-10,-1.1091327102766708
2014-12-11,0.922293482870745
2014-12-12,0.1868392274059189
2014-12-15,-1.6597202100966657
2014-12-16,-0.709896305727386
2014-12-17,0.34692108623756224
2014-12-18,-0.5208381541069453
2014-12-19,1.2282846227001427
2014-12-22,-0.154862362734646
2014-12-23,-0.051679604692412964
2014-12-24,-0.9521378684926476
2014-12-26,-1.3660469543874485
2014-12-29,0.08813104275601708
2014-12-30,1.0863922801167192
2014-12-31,-1.0687770681218316
2015-01-02,0.0
2015-01-05,-1.6159470875211326
2015-01-06,0.3930652983774194
2015-01-07,-0.2857108064780324
2015-01-08,0.3926443784455222
2015-01-09,-0.5895504931094439
2015-01-12,-0.9903714506078017
2015-01-13,-3.0873496542787757
2015-01-14,-4.8174425740465825
2015-01-15,2.2464185293218644
2015-01-16,1.6334639346259814
2015-01-20,-1.4612678820358151
2015-01-21,-0.01911724552296598
2015-01-22,-0.5560325859378604
2015-01-23,-2.4524468519765024
2015-01-26,1.4087501456555742
2015-01-27,-2.3590613955685935
2015-01-28,0.3177812122270247
2015-01-29,-2.043345019235181
2015-01-30,2.3007966092980556
2015-02-02,-0.6747474795682824
2015-02-03,3.48303608348876
2015-02-04,0.4604798685178159
2015-02-05,0.0
2015-02-06,-0.3451609597660267
2015-02-09,-0.15378505823536245
2015-02-10,-1.414340238829193
2015-02-11,-0.3910069671606701
2015-02-12,2.1893718933566135
2015-02-13,0.1723370692339879
2015-02-17,-0.7296519598043288
2015-02-18,1.719562360726308
2015-02-19,0.07574677500473072
2015-02-20,-1.1805125046731384
2015-02-23,1.104765729668405
2015-02-24,2.6912492844046967
2015-02-25,-0.1476268423769722
2015-02-26,0.23978636448848933
2015-02-27,0.07366826983234762
2015-03-02,-0.18426813390660354
2015-03-03,-1.39290596161337
2015-03-04,0.13082834017596
2015-03-05,-0.1869551661502929
2015-03-06,-1.6223703817437813
2015-03-09,2.182181696122434
2015-03-10,-1.9542164746306303
2015-03-11,-0.4755138904803488
2015-03-12,1.963440324093804
2015-03-13,0.14944701295130813
2015-03-16,-0.037338593814032976
2015-03-17,-1.3536590723482653
2015-03-18,-2.0848074261995864
2015-03-19,3.3263580794105665
2015-03-20,3.6888338854836547
2015-03-23,1.1821735844264534
2015-03-24,0.2489764509333203
2015-03-25,-0.35587191446187105
2015-03-26,0.5865117961210259
2015-03-27,-1.6617899170189347
2015-03-30,0.44943210086657553
2015-03-31,-1.4635703098294806
2015-04-01,0.3452361648028404
2015-04-02,-0.30884207735557906
2015-04-06,-0.5839357450428951
2015-04-07,1.6337207567424925
2015-04-08,-1.0315842592590654
2015-04-09,-0.12743146034757497
2015-04-10,0.20016668869134802
2015-04-13,-0.4920274280437953
2015-04-14,-0.6414362150168702
2015-04-15,0.3670398777479525
2015-04-16,2.030894577742389
2015-04-17,-0.07182954009780812
2015-04-20,-1.7394842799155714
2015-04-21,-1.121238598823049
2015-04-22,-1.3210652980257314
2015-04-23,1.0619509705384569
2015-04-24,1.9817213213096745
2015-04-27,0.7962342420273983
2015-04-28,0.21606209589395786
2015-04-29,0.5381216492547379
2015-04-30,3.221252064669284
2015-05-01,1.5469568557734956
2015-05-04,-0.2561672740535365
2015-05-05,0.5457050445794981
2015-05-06,-0.2554338292874491
2015-05-07,-0.2218919507072127
2015-05-08,0.17073167631204061
2015-05-11,-0.46165680603178444
2015-05-12,1.124755967759513
2015-05-13,-0.016946487808230933
2015-05-14,-0.13568348085514031
2015-05-15,0.10177380257474279
2015-05-18,-0.6463643919892128
2015-05-19,-2.365647428076208
2015-05-20,-0.35007878777096874
2015-05-21,0.681523542184276
2015-05-22,-1.3147754759667436
2015-05-26,0.7033607909310573
2015-05-27,-1.3228839348825925
2015-05-28,-0.820115206028098
2015-05-29,-1.2066767242782217
2015-06-01,-0.6726719216816575
2015-06-02,0.6182947669045109
2015-06-03,-0.2723041868631195
2015-06-04,-1.2806558818981204
2015-06-05,0.23907201468596478
2015-06-08,-0.22066222940733843
2015-06-09,0.8980136568703951
2015-06-10,1.124835403313519
2015-06-11,-2.8732886925181154
2015-06-12,0.24107588964903884
2015-06-15,-1.5116519631154564
2015-06-16,-1.2297962114706829
2015-06-17,-0.13334547650709244
2015-06-18,0.20946702184864824
2015-06-19,-1.3983554038766277
2015-06-22,-0.1544381947901881
2015-06-23,1.761822773169067
2015-06-24,0.4734426899600369
2015-06-25,-0.037799166318429916
2015-06-26,-0.01890043545578398
2015-06-29,-0.24604936331158148
2015-06-30,-0.5701218880976981
2015-07-01,0.4563554358962906
2015-07-02,-0.03794791409375308
2015-07-06,-3.5348941113413814
2015-07-07,-3.684838526015423
2015-07-08,2.1393338241913784
2015-07-09,2.1336304784724542
2015-07-10,-0.48986273605187736
2015-07-13,0.3920801072519043
2015-07-14,-0.431369989516711
2015-07-15,-0.5517325228243918
2015-07-16,0.03951663157590059
2015-07-17,-1.0722973577088937
2015-07-20,-0.8218927765657805
2015-07-21,-0.2620179193078519
2015-07-22,-1.874163822046138
2015-07-23,-1.9099606819577093
2015-07-24,-0.16781831231173322
2015-07-27,-1.310242673739397
2015-07-28,2.2089888248162026
2015-07-29,0.20785191059686636
2015-07-30,-1.1065980616736675
2015-07-31,-0.589596938604892
2015-08-03,-0.8483605612561873
2015-08-04,0.7427057313471883
2015-08-05,-0.5086947844634188
2015-08-06,-0.212715504530634
2015-08-07,-0.2772154709512203
2015-08-10,2.7797108197042495
2015-08-11,-2.8010653845323725
2015-08-12,0.8295279484988084
2015-08-13,0.21159025869935197
2015-08-14,-0.06342705630066627
2015-08-17,-1.3414488675496812
2015-08-18,-1.5336751748272932
2015-08-19,-0.6113529607987244
2015-08-20,1.736906987673069
2015-08-21,-0.6911488788341195
2015-08-24,-1.6608715959379021
2015-08-25,2.3520204747720106
2015-08-26,-3.148490435665458
2015-08-27,3.6209051536152232
2015-08-28,0.5341240850646021
2015-08-31,-0.3628933772918815
2015-09-01,-1.5300395050552669
2015-09-02,1.3159476041054072
2015-09-03,2.4138440506091494
2015-09-04,-2.9941777783681323
2015-09-08,5.003143439239042
2015-09-09,0.1639085343721477
2015-09-10,0.4900906408431453
2015-09-11,0.30509261809733695
2015-09-14,-1.9688847480722125
2015-09-15,0.9072257580236569
2015-09-16,1.0413497068107205
2015-09-17,0.0
2015-09-18,-2.6552905060382126
2015-09-21,0.0625541160466744
2015-09-22,-3.8895582351700972
2015-09-23,-0.06503593927374382
2015-09-24,0.2815380583226719
2015-09-25,-0.8906301564478114
2015-09-28,-1.561331268438734
2015-09-29,-0.11087958584285078
2015-09-30,4.001403915618139
2015-10-01,-1.633395773392447
2015-10-02,0.9488997280657019
2015-10-05,1.3007939506267487
2015-10-06,-0.04237879062582783
2015-10-07,0.5284886089396639
2015-10-08,-1.0384805474034973
2015-10-09,2.9389257310673194
2015-10-12,0.10338291559470886
2015-10-13,-1.1640171219211732
2015-10-14,1.1846789151910269
2015-10-15,0.24762875719400917
2015-10-16,-0.7862673523832819
2015-10-19,-1.4858512973390818
2015-10-20,-0.08437433475185364
2015-10-21,-0.23237951846292274
2015-10-22,0.8634335717079268
2015-10-23,-1.4574182380485112
2015-10-26,0.2762141765716032
2015-10-27,0.06363897618475058
2015-10-28,-0.1485404907764372
2015-10-29,-1.6702758194271892
2015-10-30,-0.08641579636213682
2015-11-02,0.08641579636214174
2015-11-03,0.4954186517789807
2015-11-04,-0.32282104648007093
2015-11-05,-2.88670756752824
2015-11-06,-0.5339316012164353
2015-11-09,-0.5143646340090194
2015-11-10,-0.6072199030166485
2015-11-11,0.0
2015-11-12,-1.9820648955501927
2015-11-13,-0.138154332862415
2015-11-16,-2.425494112297597
2015-11-17,-0.5919301121044556
2015-11-18,-1.3147034746236164
2015-11-19,-0.07221710252252109
2015-11-20,-1.0894691476327565
2015-11-23,-1.6939098697535675
2015-11-24,1.669565924162399
2015-11-25,-0.43923078984899566
2015-11-27,0.29303090570875023
2015-11-30,-0.2930309057087558
2015-12-01,1.070301418439662
2015-12-02,-1.8313247584370869
2015-12-03,1.3219262345140232
2015-12-04,0.8716707979374939
2015-12-07,-1.432573692454102
2015-12-08,0.17104388100550552
2015-12-09,0.5842200349855917
2015-12-10,0.24242990980936774
2015-12-11,2.0609395557555827
2015-12-14,-0.18993112910973475
2015-12-15,-2.5512801641337224
2015-12-16,0.48638179110827184
2015-12-17,-1.294132338690542
2015-12-18,3.31148300769446
2015-12-21,1.2287500373422937
2015-12-22,-1.5144665285743935
2015-12-23,0.6890910698366938
2015-12-24,0.0
2015-12-28,-2.154227708589709
2015-12-29,2.7915472327327198
2015-12-30,0.5631213232197099
2015-12-31,-0.5395963841798721
2016-01-04,-2.621697750820023
2016-01-05,0.8656041655663764
2016-01-06,-0.3837920563060094
2016-01-07,-3.174085770785289
2016-01-08,0.04959957962147682
2016-01-11,-2.4599646671535638
2016-01-12,-0.7397060754029534
2016-01-13,-0.12808701821441978
2016-01-14,1.045525008150902
2016-01-15,-1.6110811291667555
2016-01-19,1.7378428264449761
2016-01-20,-0.8907066387970743
2016-01-21,1.8739500044884796
2016-01-22,0.27558373770555855
2016-01-25,-0.15022641845553497
2016-01-26,1.9109628506047125
2016-01-27,1.415695828105887
2016-01-28,-0.6809335164599102
2016-01-29,0.7293913587395477
2016-02-01,-0.6074522066791814
2016-02-02,0.024367673804300855
2016-02-03,1.9305600232920666
2016-02-04,1.7062031489198346
2016-02-05,-1.3007118860991442
2016-02-08,-0.5729346563578985
2016-02-09,-2.4231838017548015
2016-02-10,-0.6644530243164964
2016-02-11,-1.0424590128722233
2016-02-12,1.1411685479804128
2016-02-16,1.0795038353435815
2016-02-17,1.2127171431150017
2016-02-18,-0.12060398688893599
2016-02-19,0.19290811045446785
2016-02-22,1.7906604891441962
2016-02-23,-0.40307634045516827
2016-02-24,-0.45243684812079205
2016-02-25,-1.4423312907874009
2016-02-26,2.5342007465230734
2016-02-29,0.4945237529379129
2016-03-01,0.6089017174697633
2016-03-02,1.6670917832227832
2016-03-03,1.232327352231384
2016-03-04,2.971951516306887
2016-03-07,0.4174465923356529
2016-03-08,-2.7563442462698395
2016-03-09,0.5170347754923174
2016-03-10,-0.562117172558291
2016-03-11,0.9425629227365716
2016-03-14,-0.06703741347716728
2016-03-15,-0.26857858798137446
2016-03-16,0.022407340212655825
2016-03-17,2.544109105475507
2016-03-18,-0.41589319509205425
2016-03-21,0.4377328263609086
2016-03-22,-0.2186321190162968
2016-03-23,-2.392136320167663
2016-03-24,-0.2693623206397931
2016-03-28,0.761309568155995
2016-03-29,-1.4831729765520545
2016-03-30,-0.9782752334626474
2016-03-31,-0.2518063918813602
2016-04-01,-0.9441610643178863
2016-04-04,-1.0700265747548512
2016-04-05,-0.14041757418332612
2016-04-06,0.25728364678776827
2016-04-07,-3.1319277436090918
2016-04-08,0.5767785980853113
2016-04-11,0.09581286878733145
2016-04-12,2.6693427573669597
2016-04-13,1.0434894984410903
2016-04-14,0.16134541809471764
2016-04-15,-0.8790273397907269
2016-04-18,0.5560757594064082
2016-04-19,2.689928044080342
2016-04-20,0.8510713299444991
2016-04-21,0.4450381188692667
2016-04-22,0.7520477556472404
2016-04-25,-0.46383093072747467
2016-04-26,-0.4437544447208738
2016-04-27,-1.2530983266227453
2016-04-28,0.17997523695609136
2016-04-29,2.420462482909677
2016-05-02,-0.770851186781501
2016-05-03,-2.1001635657654107
2016-05-04,-1.432650422801545
2016-05-05,-1.4767256832992128
2016-05-06,0.0
2016-05-09,-2.2092522537191
2016-05-10,-0.6676313479715719
2016-05-11,0.5249430543130379
2016-05-12,-1.341664408107568
2016-05-13,0.09643652913069722
2016-05-16,0.7681282094893755
2016-05-17,0.04780910919553876
2016-05-18,-0.5031736539377731
2016-05-19,-0.8927596787590469
2016-05-20,-0.2183629277378144
2016-05-23,-0.04859892975272716
2016-05-24,0.5815419512555733
2016-05-25,1.7008458735086693
2016-05-26,0.07122836849936161
2016-05-27,0.3554166364258148
2016-05-31,-0.783572596494047
2016-06-01,-1.199059685394651
2016-06-02,-0.14485859654514321
2016-06-03,2.0328342965114325
2016-06-06,0.2364680379572174
2016-06-07,-3.1672504057200825
2016-06-08,0.5591302478916816
2016-06-09,-1.0969050070070523
2016-06-10,-0.4175302949982322
2016-06-13,1.2717111741094846
2016-06-14,-0.6338282083084579
2016-06-15,2.3683942325096314
2016-06-16,-2.0997488299785263
2016-06-17,0.12187971008823173
2016-06-20,1.9778691198902905
2016-06-21,1.0926475927699004
2016-06-22,0.8937055746030921
2016-06-23,1.30265234386395
2016-06-24,-2.409195287671117
2016-06-27,0.6842024160405459
2016-06-28,2.0249818125051298
2016-06-29,0.620191481786962
2016-06-30,0.5025098711021724
2016-07-01,0.9298148507592658
2016-07-05,-1.5239670401061898
2016-07-06,-1.3847427255415417
2016-07-07,-1.3570654846500834
2016-07-08,-0.18863238608862093
2016-07-11,1.3363265159917335
2016-07-12,2.937333280396425
2016-07-13,1.2137686043105498
2016-07-14,0.13395943415211042
2016-07-15,-0.46963988419073893
2016-07-18,0.1567918242629099
2016-07-19,1.223457151225461
2016-07-20,-0.42095058666041346
2016-07-21,0.1774600457475226
2016-07-22,-0.9799666103125743
2016-07-25,-0.8089881097571401
2016-07-26,0.4053067721289341
2016-07-27,-1.814107039673549
2016-07-28,0.9565159108683977
2016-07-29,0.6551430845745445
2016-08-01,-1.0867179224614416
2016-08-02,0.45423608417844064
2016-08-03,-0.4770005119112427
2016-08-04,-1.006876870768076
2016-08-05,-0.9706527682213587
2016-08-08,0.5096104427134316
2016-08-09,-0.6723169586563438
2016-08-10,0.9722366948608155
2016-08-11,0.8943995745000941
2016-08-12,-2.286209127486567
2016-08-15,0.5125788409267552
2016-08-16,0.9483103367300673
2016-08-17,-0.9250751202812435
2016-08-18,0.6946128824059836
2016-08-19,-0.023074362323764065
2016-08-22,-1.2307126401783632
2016-08-23,-1.1751061047061673
2016-08-24,-1.86118636475956
2016-08-25,-0.024085933489141346
2016-08-26,-0.024091736208736697
2016-08-29,-0.12055732370172853
2016-08-30,-0.16902018967326993
2016-08-31,0.024161593128124985
2016-09-01,-0.04832902549295035
2016-09-02,0.14492857149409058
2016-09-06,0.6016164054410258
2016-09-07,0.43092355049807
2016-09-08,0.1432333049221185
2016-09-09,-0.35846296146779244
2016-09-12,0.3584629614677982
2016-09-13,-0.02385607867779163
2016-09-14,2.474499279244095
2016-09-15,0.18604417207795768
2016-09-16,-0.02323521644882908
2016-09-19,-0.11626822699150592
2016-09-20,0.30201002983334385
2016-09-21,-0.4883141631380754
2016-09-22,1.961979576172047
2016-09-23,0.22831582111091261
2016-09-26,-0.11409275042689863
2016-09-27,-1.309915541995103
2016-09-28,0.829312541687694
2016-09-29,0.06879446425054497
2016-09-30,0.9582509528933939
2016-10-03,-0.8436876596100399
2016-10-04,-1.1515601839186973
2016-10-05,-0.11589095303134753
2016-10-06,-0.37174286246536764
2016-10-07,0.3949406447818174
2016-10-11,1.01499537003692
2016-10-12,-0.4139759555763909
2016-10-13,-2.544196111966675
2016-10-14,-0.5452245550402801
2016-10-17,-0.19033784776307433
2016-10-18,-0.07146593678967691
2016-10-19,-0.04768371748263126
2016-10-20,-0.31043689663896995
2016-10-21,-0.3354199531620459
2016-10-24,0.19180954892967278
2016-10-25,2.13277456511602
2016-10-26,0.32771423295760466
2016-10-27,1.2079135913166126
2016-10-28,1.05650972088098
2016-10-31,0.5468267939105265
2016-11-01,1.084753221400339
2016-11-02,0.06741398731209652
2016-11-03,0.82764598417395
2016-11-04,0.7324412623070163
2016-11-07,1.9924048801327112
2016-11-08,3.0949003850788297
2016-11-09,3.3074598548614484
2016-11-10,3.614244880196333
2016-11-14,-1.223373522599349
2016-11-15,-0.6573072399452042
2016-11-16,-1.4898676723967659
2016-11-17,0.9086398206376727
2016-11-18,-0.9492130628608304
2016-11-21,1.949225211111796
2016-11-22,1.1869564078653518
2016-11-23,2.4668601766827285
2016-11-25,2.31378077304329
2016-11-28,-0.41330723863114244
2016-11-29,-2.3234665910400945
2016-11-30,1.0160151208094805
2016-12-01,0.38073491350558963
2016-12-02,-0.6289926822314932
2016-12-05,2.7905235691934904
2016-12-06,-0.6342106879171117
2016-12-07,-1.3185290780129957
2016-12-08,-0.646766510319332
2016-12-09,0.8361916846262575
2016-12-12,-1.1037236518671945
2016-12-13,-0.768347287391317
2016-12-14,0.2695926800712152
2016-12-15,-0.15396264045082828
2016-12-16,-1.3573932274031943
2016-12-19,-2.5508092598514556
2016-12-20,0.12009692996377352
2016-12-21,-0.3205827439115318
2016-12-22,0.12033780383460786
2016-12-23,-0.8858457740607731
2016-12-27,1.425576247449795
2016-12-28,-0.5196898367980798
2016-12-29,-0.6433393351008
2016-12-30,0.7434918645107101
2017-01-03,-0.6628525445714434
2017-01-04,2.6647092703069437
2017-01-05,-0.728711812081077
2017-01-06,0.3354753611092798
2017-01-09,-0.31571199460759675
2017-01-10,2.863735969843152
2017-01-11,-0.09606375303525354
2017-01-12,2.261808009492372
2017-01-13,0.7489261976446842
2017-01-17,-2.4165846746775186
2017-01-18,-0.3253849501053622
2017-01-19,-0.24954444773298146
2017-01-20,0.5940447959510131
2017-01-23,0.8560805523206795
2017-01-24,2.2847476860530906
2017-01-25,0.07403640601049213
2017-01-26,-1.359812908737204
2017-01-27,0.5237639170859386
2017-01-30,-1.220100653006727
2017-01-31,2.75673565545417
2017-02-01,-0.6266131937548763
2017-02-02,-0.9846800221316383
2017-02-03,-2.5911631509745288
2017-02-06,1.3701456665639924
2017-02-07,-0.7398314173696013
2017-02-08,1.3052345414063884
2017-02-09,-0.4709454898980722
2017-02-10,4.215044657702944
2017-02-13,0.5236051518705219
2017-02-14,-1.6523313954613466
2017-02-15,0.1829199132294062
2017-02-16,-0.7336782876943692
2017-02-17,-0.38735426852495963
2017-02-21,1.4676543187542204
2017-02-22,-0.47462707043361313
2017-02-23,-3.3491559099113366
2017-02-24,1.4091409541794524
2017-02-27,0.2794574021612431
2017-02-28,0.6120763316175586
2017-03-01,0.8286591206090982
2017-03-02,-1.7388499584457766
2017-03-03,0.27950947287844463
2017-03-06,-1.6510750076191338
2017-03-07,-1.2755987256150654
2017-03-08,-0.6728824354565153
2017-03-09,-0.8523908501904499
2017-03-10,0.6399710245160536
2017-03-13,1.1531925746988423
2017-03-14,0.2862389779794957
2017-03-15,0.8160163750165603
2017-03-16,0.7531566919822613
2017-03-17,0.5238619018095109
2017-03-20,-0.8997311932231472
2017-03-21,-1.7282755317927907
2017-03-22,0.4587196198233174
2017-03-23,0.5514857795464129
2017-03-24,-0.49428895501062375
2017-03-27,0.057155045856519565
2017-03-28,1.6622940791168894
2017-03-29,0.0374664151912972
2017-03-30,-0.18744576829223958
2017-03-31,-0.6965989186889896
2017-04-03,-1.8688577082035998
2017-04-04,0.3266981174447217
2017-04-05,2.63197891926057
2017-04-06,-0.7503310942514996
2017-04-07,-0.396187836024396
2017-04-10,-1.6390678741832951
2017-04-11,0.1536078851986209
2017-04-12,-2.407884796935899
2017-04-13,0.9973705333383429
2017-04-17,0.9875212069695962
2017-04-18,-2.576254260877122
2017-04-19,0.17777435840313388
2017-04-20,0.2955932183287727
2017-04-21,-0.1772491800458587
2017-04-24,0.6679773454980968
2017-04-25,1.1099356616780092
2017-04-26,0.34796334251742056
2017-04-27,-0.4254563135783791
2017-04-28,0.6374984087458441
2017-05-01,2.0395322536152785
2017-05-02,-0.947877994225316
2017-05-03,-3.567652803604835
2017-05-04,-1.2313918608670151
2017-05-05,0.6970026552958402
2017-05-08,-1.3586590262331308
2017-05-09,0.18088286171378345
2017-05-10,-0.12055540869307967
2017-05-11,0.5613462695671655
2017-05-12,0.6774268015132168
2017-05-15,0.5939477077032187
2017-05-16,0.45298432654120346
2017-05-17,-0.07863548305099219
2017-05-18,-0.6312915977174384
2017-05-19,1.8626122766315045
2017-05-22,0.58106323808318
2017-05-23,0.05792565737319372
2017-05-24,-0.4837021034335653
2017-05-25,0.541585028165821
2017-05-26,-1.2617862715206278
2017-05-30,0.05859309508528409
2017-05-31,0.6228044253817882
2017-06-01,0.2906200512838018
2017-06-02,-0.5042683725975505
2017-06-05,-0.6632860601319945
2017-06-06,-0.3922338835523805
2017-06-07,0.17669238485804925
2017-06-08,2.2499042995758596
2017-06-09,1.4848852975044797
2017-06-12,-1.274143205354541
2017-06-13,-0.7492117491846998
2017-06-14,-0.8715089102311234
2017-06-15,-0.25318957882644066
2017-06-16,-0.058515219183991135
2017-06-19,1.0481443266456052
2017-06-20,-1.3412537947251835
2017-06-21,1.8228129573550955
2017-06-22,-0.15384420207046007
2017-06-23,0.9576727917170168
2017-06-26,0.07622307898396034
2017-06-27,0.8157158073269822
2017-06-28,0.5839643644264269
2017-06-29,0.7857906383832802
2017-06-30,0.5945686076308959
2017-07-03,-0.6691433101736127
2017-07-05,-1.200767347055325
2017-07-06,0.09433289106448978
2017-07-07,-0.5293995678299721
2017-07-10,0.07579515467270222
2017-07-11,0.9426953610816963
2017-07-12,0.4680359599228421
2017-07-13,-0.8440465722365623
2017-07-14,1.1051908878802716
2017-07-17,1.2220108457704046
2017-07-18,0.23894894916695153
2017-07-19,-0.7555530046502059
2017-07-20,0.20326496164098404
2017-07-21,0.23969794585753978
2017-07-24,0.5143353501904652
2017-07-25,4.004485870124218
2017-07-26,0.998338839780865
2017-07-27,0.174129050243724
2017-07-28,-0.12185516848043274
2017-07-31,0.607796380224181
2017-08-01,-0.3121231250781208
2017-08-02,0.12149562591622146
2017-08-03,-0.19098329469295128
2017-08-04,0.27767795997657535
2017-08-07,0.7940660393252098
2017-08-08,1.1794041997019735
2017-08-09,-0.4257153231700826
2017-08-10,-0.8224915451381694
2017-08-11,0.27491891932288975
2017-08-14,-0.25770766150989505
2017-08-15,-0.7598058967575826
2017-08-16,2.3977834274360266
2017-08-17,-0.5600352829644608
2017-08-18,0.08505766361067105
2017-08-21,1.3679154727551026
2017-08-22,0.18433447122128888
2017-08-23,-0.2011075574400754
2017-08-24,1.7625988020334562
2017-08-25,-0.01648277477135383
2017-08-28,1.0495361866183432
2017-08-29,0.5206660653562329
2017-08-30,-0.5369794269418177
2017-08-31,0.4720413262112693
2017-09-01,0.6151890298698652
2017-09-05,0.3061810952158335
2017-09-06,0.7693555856304584
2017-09-07,-0.2718076436022819
2017-09-08,-3.3040614942072484
2017-09-11,0.80758222928438
2017-09-12,-1.006357904589298
2017-09-13,-1.8238639154810303
2017-09-14,-0.8308616862003798
2017-09-15,-0.2898833683397067
2017-09-18,0.7146502753667089
2017-09-19,0.016960318150897918
2017-09-20,0.0
2017-09-21,-1.2108973359554103
2017-09-22,0.35968024329137255
2017-09-25,-0.23964302715774022
2017-09-26,-0.687878231893938
2017-09-27,0.4648359952786171
2017-09-28,1.7536869302753328
2017-09-29,-0.8474659182509808
2017-10-02,0.06806511844457913
2017-10-03,0.3057007987523437
2017-10-04,-0.1357525604023252
2017-10-05,2.911856683778017
2017-10-06,-0.5623633197641014
2017-10-09,0.08290002223528195
2017-10-10,0.9402157545655719
2017-10-11,1.1264467768350288
2017-10-12,0.776205960133247
2017-10-13,0.46604833331152923
2017-10-16,3.3270702395900345
2017-10-17,-1.358439081313347
2017-10-18,-0.5359394818962985
2017-10-19,-0.3324614449235748
2017-10-20,-0.04758917292444545
2017-10-23,0.7114104181801643
2017-10-24,0.3930528601640798
2017-10-25,-0.4718506649966009
2017-10-26,-0.1262012633190324
2017-10-27,-2.3639535923900072
2017-10-30,0.2743960828591504
2017-10-31,-0.32289309468318605
2017-11-01,1.3172845902591235
2017-11-02,0.07976573063254223
2017-11-03,-0.8005120155581252
2017-11-06,1.2777672921753014
2017-11-07,-2.1820239299032087
2017-11-08,0.3400522867586255
2017-11-09,-0.42119005215593847
2017-11-10,-0.34149002715058324
2017-11-13,1.3590261052916477
2017-11-14,-1.669003573133905
2017-11-15,-0.3601221126326107
2017-11-16,-0.1805524734106867
2017-11-17,0.6223424466485606
2017-11-20,0.9101351893413875
2017-11-21,1.126133103064625
2017-11-22,0.28754214560047126
2017-11-24,0.9999246265957462
2017-11-27,-1.0637540039939368
2017-11-28,-1.9991005233603445
2017-11-29,-0.9982878373540772
2017-11-30,-0.09873362753221779
2017-12-01,0.9340528470324079
2017-12-04,-0.08158790455627583
2017-12-05,-4.763996780611142
2017-12-06,0.5463572449514031
2017-12-07,0.1361221390372617
2017-12-08,0.49189829864686957
2017-12-11,1.1105614144309568
2017-12-12,0.38413810091223577
2017-12-13,0.99519717283753
2017-12-14,0.6252094465832567
2017-12-15,1.9973006072789568
2017-12-18,0.38511229130252245
2017-12-19,0.17601662819175756
2017-12-20,1.3970670213129777
2017-12-21,0.7225919639129257
2017-12-22,0.624123766520343
2017-12-26,1.2827651855482947
2017-12-27,0.030705589646903456
2017-12-28,0.886450675395143
2017-12-29,-0.19800496001621767
2018-01-02,-0.7191513050258165
2018-01-03,-0.5852489619077883
2018-01-04,0.16976863879439014
2018-01-05,-1.100873173292364
2018-01-08,-0.18726728221840294
2018-01-09,-0.2032681734444609
2018-01-10,0.6396759485535938
2018-01-11,-0.046663804092103196
2018-01-12,-0.4209868244871122
2018-01-16,-0.03126007058934475
2018-01-17,-1.0211318113689456
2018-01-18,0.33104638087971416
2018-01-19,-0.31525846740939445
2018-01-22,0.3309942060845388
2018-01-23,-2.808547761539584
2018-01-24,3.7794260206586126
2018-01-25,-0.2965285673049161
2018-01-26,-0.5171208510964614
2018-01-30,-0.17296457939277265
2018-01-31,0.22009030784137681
2018-02-01,0.40746056557151744
2018-02-02,-0.6432890886124549
2018-02-05,1.064670130200247
2018-02-06,-1.0331961763255681
2018-02-07,-3.2302159723553374
2018-02-08,-0.1463743381484384
2018-02-09,-1.558307072837025
2018-02-12,1.7371859914536956
2018-02-13,2.4712394083365585
2018-02-14,2.3187591571565416
2018-02-15,0.32470666917173263
2018-02-16,0.1234171224888633
2018-02-20,-1.7732591123677315
2018-02-21,0.7971850129167146
2018-02-22,0.806331655613201
2018-02-23,-0.8997902623097529
2018-02-26,-0.39034507367631527
2018-02-27,-1.2119474633686866
2018-02-28,-1.596201534926771
2018-03-01,-0.2577779871006357
2018-03-02,0.04838737928255298
2018-03-05,0.14500646134646786
2018-03-06,1.0092228471714961
2018-03-07,-0.735885621164635
2018-03-08,-1.7983483211349665
2018-03-09,1.862549127044181
2018-03-12,-0.38584759926708967
2018-03-13,0.4820792356047113
2018-03-14,0.6710409157033491
2018-03-15,-0.9278595794490734
2018-03-16,-0.580276479836279
2018-03-19,-0.7626800793065225
2018-03-20,-1.4438285319824147
2018-03-21,0.7573299763715523
2018-03-22,-1.2045348586465345
2018-03-23,-0.9172132181127474
2018-03-26,-0.8074031985554428
2018-03-27,1.0416727059341546
2018-03-28,0.0835371288881673
2018-03-29,0.8315396432403548
2018-04-02,0.70962826981894
2018-04-03,0.5739185085408148
2018-04-04,-1.6818242340637237
2018-04-05,2.0571778085668826
2018-04-06,-0.5062497622914484
2018-04-09,0.5713887793975806
2018-04-10,1.9186393631994343
2018-04-11,-0.6086853107533321
2018-04-12,-1.6850705373944896
2018-04-13,0.24480376456885894
2018-04-16,0.7793489296209786
2018-04-17,-0.5351507441310721
2018-04-18,2.5208055759277497
2018-04-19,-0.8119143134165328
2018-04-20,0.11182954200918771
2018-04-23,-0.7532679417692831
2018-04-24,0.976552548211722
2018-04-25,-0.20732024902512391
2018-04-26,-0.6084903884278259
2018-04-27,-2.175760877514653
2018-04-30,0.21316744016298528
2018-05-01,-1.2361065153726936
2018-05-02,1.0721682977025846
2018-05-03,0.37665222066668486
2018-05-04,0.21226249078570952
2018-05-07,-0.195919800193037
2018-05-08,-0.6229545950079891
2018-05-09,-0.032892353365617105
2018-05-10,1.7286788453897368
2018-05-11,0.0808099347558405
2018-05-14,-0.5345439478744481
2018-05-15,-1.1762923753268035
2018-05-16,0.5245064389720063
2018-05-17,0.6030448188108121
2018-05-18,-0.8485620232234415
2018-05-21,1.1244274902993123
2018-05-22,1.0798704774951318
2018-05-23,-1.8934153400634923
2018-05-24,0.8135448625683668
2018-05-25,-0.6013862872155651
2018-05-29,-0.49027281039739357
2018-05-30,0.2454368641835456
2018-05-31,-0.049036086467177324
2018-06-01,1.0895288008507373
2018-06-04,1.1257709045175974
2018-06-05,2.0420209262418947
2018-06-06,1.9704284557027405
2018-06-07,0.4139515491445758
2018-06-08,0.7620855618550488
2018-06-11,-1.2990178667861592
2018-06-12,-0.24641617167975538
2018-06-13,0.16947357281246272
2018-06-14,-0.9745568017113608
2018-06-15,-2.3752594628029784
2018-06-18,-1.20107596536945
2018-06-19,-1.853709116286236
2018-06-20,0.0
2018-06-21,-0.7082257053846835
2018-06-22,0.24762482613758086
2018-06-25,-1.3445276734300713
2018-06-26,0.16696867976106244
2018-06-27,-0.25056166827095805
2018-06-28,-1.2115245907576253
2018-06-29,-0.08468311852426674
2018-07-02,-0.6629864450313856
2018-07-03,-0.8736692746449506
2018-07-05,-3.2170610304419056
2018-07-06,-0.03554034323926374
2018-07-09,0.9200356163156431
2018-07-10,-0.37053255232460724
2018-07-11,-3.416370651626798
2018-07-12,1.2542156351778408
2018-07-13,0.072231621328089
2018-07-16,-0.4704192340977541
2018-07-17,-0.6367682266448655
2018-07-18,0.45525153257967377
2018-07-19,-2.427481545471254
2018-07-20,2.209218752258316
2018-07-23,-0.3282900222465179
2018-07-24,2.2756974273971475
2018-07-25,0.21405794897914843
2018-07-26,-0.0713045840366005
2018-07-27,-0.5901831226980099
2018-07-30,-0.30539360274375876
2018-07-31,1.4291047615522179
2018-08-01,-3.0250816644034035
2018-08-02,-0.29292943537351945
2018-08-03,0.9670721014781093
2018-08-06,-1.1873380500080637
2018-08-07,0.7323350678591228
2018-08-08,-0.018241859707706306
2018-08-09,0.5458566960991567
2018-08-10,-0.8381973731738915
2018-08-13,-0.385010750388311
2018-08-14,-1.7230614083730889
2018-08-15,-4.530158167604472
2018-08-16,2.1855698692997008
2018-08-17,0.42000510995925344
2018-08-20,1.475065835242415
2018-08-21,0.9714263610301335
2018-08-22,-0.783884070268316
2018-08-23,-0.6013937630872476
2018-08-24,1.7378731073674658
2018-08-27,0.22205938723958052
2018-08-28,1.0663842348213644
2018-08-29,-0.9186122502362627
2018-08-30,-0.6852546194055059
2018-08-31,-1.5544874096481043
2018-09-04,-2.503715034135387
2018-09-05,0.34776167781572387
2018-09-06,0.9978982466390363
2018-09-07,-0.5744981422697976
2018-09-10,0.268516000189238
2018-09-11,-0.2493051626539294
2018-09-12,2.07132779560162
2018-09-13,0.22543845780241983
2018-09-14,-1.3983576492364038
2018-09-17,0.22809520565237393
2018-09-18,2.9372533090346233
2018-09-19,-0.0737681725385234
2018-09-20,0.40507947107376485
2018-09-21,4.157142922584145
2018-09-24,-0.725344002737037
2018-09-25,-0.44488187470037943
2018-09-26,0.12476553901719196
2018-09-27,-1.5256517911625265
2018-09-28,0.8105975675501207
2018-10-01,-0.4675430832079267
2018-10-02,0.7541837451486956
2018-10-03,0.979087975920793
2018-10-04,-2.0582340748527215
2018-10-05,-0.5076217318396969
2018-10-08,0.1453028548302566
2018-10-09,1.4414649759413583
2018-10-10,-0.934587042779784
2018-10-11,1.0061126194619714
2018-10-12,-0.14311088535546912
2018-10-15,-0.4485536494520155
2018-10-16,-0.36029549621516904
2018-10-17,-0.1264103031171654
2018-10-18,-1.071860860515724
2018-10-19,1.1079919376320995
2018-10-22,0.2165299351925674
2018-10-23,-0.9780896976746445
2018-10-24,-0.018202011915066485
2018-10-25,0.07279685180287822
2018-10-26,-0.16386533028034625
2018-10-29,-0.20063261472231114
2018-10-30,-2.7957021482995574
2018-10-31,0.018772692957643177
2018-11-01,2.154209558580065
2018-11-02,2.950709319947178
2018-11-05,-1.7091319934888434
2018-11-06,-0.9114206397966402
2018-11-07,0.8024874079978425
2018-11-08,-0.5647184525950513
2018-11-09,-1.8623167711488149
2018-11-12,-0.31690208680219634
2018-11-13,0.3355105822596506
2018-11-14,0.8338800357650812
2018-11-15,1.447309207076059
2018-11-16,1.9809698251899062
2018-11-19,0.017837289112639525
2018-11-20,-1.3642324714673324
2018-11-21,1.007025802013858
2018-11-23,-0.8625450637037531
2018-11-26,-0.4340699674796407
2018-11-27,-1.7553969263497848
2018-11-28,3.105670531396014
2018-11-29,-0.6458539521728207
2018-11-30,-0.018007458466710053
2018-12-03,0.7889614089395761
2018-12-04,-1.8385477844616904
2018-12-06,-0.29149721140533
2018-12-07,0.6184072175964367
2018-12-10,-1.424422751811775
2018-12-11,1.732202454716262
2018-12-12,0.09034446961297467
2018-12-13,-0.21696055564293465
2018-12-14,-0.07242779456186842
2018-12-17,-0.272057237777504
2018-12-18,-3.0238298225536373
2018-12-19,1.8730233900628759
2018-12-20,-0.7190965919665696
2018-12-21,-0.8735290697261628
2018-12-24,-0.3740416061255052
2018-12-26,1.4878445535348621
2018-12-27,-1.5253230969715226
2018-12-28,0.4301842196305418
2018-12-31,-1.9220444934460772
2019-01-02,-0.11422125623519563
2019-01-03,-2.0980503598956175
2019-01-04,3.102512011498749
2019-01-07,-0.396786696710473
2019-01-08,0.7356448101526587
2019-01-09,0.05636040670807278
2019-01-10,-0.6973867156126949
2019-01-11,0.9787400508407241
2019-01-14,-0.903116865972892
2019-01-15,0.18882613002221757
2019-01-16,1.6093154963420613
2019-01-17,0.24103119536035403
2019-01-18,1.5071003686393434
2019-01-22,-1.9153457501552964
2019-01-23,0.18577432564092786
2019-01-24,-0.7638581875837017
2019-01-25,2.3839197978595825
2019-01-28,-1.8616302761146115
2019-01-29,1.6422589445672733
2019-01-30,1.4895784422015519
2019-01-31,0.5753353633769485
2019-02-01,-0.5032339390199776
2019-02-04,0.7181352338604384
2019-02-05,0.7840323844678381
2019-02-06,0.6545831396291119
2019-02-07,-0.24717418798923846
2019-02-08,-0.6562084282219214
2019-02-11,-0.660534441725659
2019-02-12,-0.6108606279002289
2019-02-13,-0.01802158340858397
2019-02-14,0.07207544374241838
2019-02-15,0.9500828477538387
2019-02-19,2.7799114513251872
2019-02-20,1.6691451932632508
2019-02-21,-0.9430040794391251
2019-02-22,1.9954632506017107
2019-02-25,-0.37218510089298246
2019-02-26,-0.20359837054402677
2019-02-27,0.5082207994166092
2019-02-28,-0.3046224288725797
2019-03-01,-0.5608919576642714
2019-03-04,-0.769959758902326
2019-03-05,0.8551478431823177
2019-03-06,-0.5978380419193126
2019-03-07,-0.24013629289292965
2019-03-08,-0.6028757770482163
2019-03-11,0.2071123214496499
2019-03-12,0.9438049869627071
2019-03-13,0.2047447191680994
2019-03-14,-1.5458939284098365
2019-03-15,0.5179605765379538
2019-03-18,0.0
2019-03-19,0.5495473866610052
2019-03-20,-0.13711011210567808
2019-03-21,-0.5330536288142609
2019-03-22,-2.2316173313747956
2019-03-25,0.47489229786762416
2019-03-26,0.03509354179749576
2019-03-27,0.2627638561831235
2019-03-28,0.36671495425183137
2019-03-29,2.325890471685515
2019-04-01,-0.5293299568745187
2019-04-02,-0.5665736144150951
2019-04-03,1.4528934588656632
2019-04-04,-1.298057737197739
2019-04-05,-0.5516315576417972
2019-04-08,1.2710641451983524
2019-04-09,0.06824279468658186
2019-04-10,-0.3074844639340719
2019-04-11,-1.2567946535621464
2019-04-12,2.057691977403904
2019-04-15,-0.4081666785680444
2019-04-16,-0.1193617573342524
2019-04-17,1.5239060651643737
2019-04-18,-1.626330825239294
2019-04-22,-0.7199176807624209
2019-04-23,-0.275629298694378
2019-04-24,0.6533741763378971
2019-04-25,-1.3805210216810053
2019-04-26,3.1640080948304963
2019-04-29,-2.557685801114712
2019-04-30,0.22427356104261237
2019-05-01,-3.453757739084604
2019-05-02,-0.6801548958598352
2019-05-03,1.4619667780078967
2019-05-06,0.42387366996561776
2019-05-07,-1.5272889427444771
2019-05-08,-0.30468204677838995
2019-05-09,-0.07182954009780812
2019-05-10,0.05387913171204392
2019-05-13,-2.0129441693566403
2019-05-14,0.1830116189631586
2019-05-15,0.6924245484570773
2019-05-16,0.1814265506641043
2019-05-17,-0.38137493355596597
2019-05-20,-0.4376318281407955
2019-05-21,-0.45791993245731816
2019-05-22,-1.3864684166731593
2019-05-23,0.018611958862993834
2019-05-24,0.7417048821503202
2019-05-28,-0.11090651536960029
2019-05-29,-1.153291716974384
2019-05-30,-0.45002309698229787
2019-05-31,-0.546506260170569
2019-06-03,0.3583905367024107
2019-06-04,0.6755561776972839
2019-06-05,-1.7545951956194266
2019-06-06,1.022540615927502
2019-06-07,-0.8893980522007353
2019-06-10,1.2654793648228457
2019-06-11,0.43074818362403183
2019-06-12,-0.6186165268348441
2019-06-13,0.07519148794792556
2019-06-14,-1.000857620995707
2019-06-17,0.6243515137633482
2019-06-18,2.090408103287144
2019-06-19,-0.8346533908611814
2019-06-20,1.148165827380441
2019-06-21,-0.35045784617730474
2019-06-24,-0.018486637069024824
2019-06-25,1.1027573575607628
2019-06-26,-0.8996712229424133
2019-06-27,0.055319617261231836
2019-06-28,-0.25840575187959386
2019-07-01,-0.9656448114691425
2019-07-02,-0.8244406391780654
2019-07-03,0.8244406391780538
2019-07-05,-0.7868210930751718
2019-07-08,-0.0940843907449005
2019-07-09,-1.193077803497091
2019-07-10,2.576542734977077
2019-07-11,-0.3906690007512046
2019-07-12,0.33494870244753716
2019-07-15,0.592705296317027
2019-07-16,-0.5184214131007795
2019-07-17,0.6107170250667932
2019-07-18,-0.22164921980262703
2019-07-19,1.4866723744027779
2019-07-22,-1.0991124419565994
2019-07-23,-0.7580675982250201
2019-07-24,0.37050766577882766
2019-07-25,-0.3148479071028244
2019-07-26,-0.7073676204629448
2019-07-29,1.2254141983726343
2019-07-30,-1.449840768152797
2019-07-31,-0.46917783757955506
2019-08-01,0.07521976400812677
2019-08-02,-3.636765412987953
2019-08-05,-1.0976243619950576
2019-08-06,0.5503228205292182
2019-08-07,0.54730154146585
2019-08-08,1.432187842637792
2019-08-09,-0.6941750624922357
2019-08-12,-0.1549259370130432
2019-08-13,1.7101046156189508
2019-08-14,-1.4584832341694984
2019-08-15,0.11592045542592921
2019-08-16,0.0193054841201094
2019-08-19,0.26990453073997467
2019-08-20,-0.8895824648002197
2019-08-21,0.2909582793864859
2019-08-22,-1.0905703569387675
2019-08-23,-1.0827909466720642
2019-08-26,0.5527033022613975
2019-08-27,0.13769982717729531
2019-08-28,0.29444212325204866
2019-08-29,0.3326433202015838
2019-08-30,-1.0407550710722455
2019-09-03,-0.8126075643751479
2019-09-04,2.612343305628237
2019-09-05,1.748869009834899
2019-09-06,-0.343514189936452
2019-09-09,-0.19134624876924994
2019-09-10,0.0
2019-09-11,-0.49923340965407764
2019-09-12,0.9959868550201121
2019-09-13,2.1680511534504916
2019-09-16,-2.263391312987434
2019-09-17,-0.4397338201619937
2019-09-18,-0.5379432442356056
2019-09-19,-0.17352408476638384
2019-09-20,-0.03860899258288936
2019-09-23,0.17360022485987073
2019-09-24,-0.19290570897998646
2019-09-25,0.2121739912005773
2019-09-26,-1.3579291503259399
2019-09-27,0.8944256559684446
2019-09-30,-0.7187928408444513
2019-10-01,-0.48861808709777166
2019-10-02,0.37156692727550655
2019-10-03,-0.6265942597147525
2019-10-04,0.3920801072519043
2019-10-07,0.6435905589401718
2019-10-08,-0.33103327894526224
2019-10-09,-0.058526634847212405
2019-10-10,1.6644464907611332
2019-10-11,0.5168950024961338
2019-10-14,0.19077130328546454
2019-10-15,-0.74605860801996
2019-10-16,-0.9453193330194922
2019-10-17,0.29032957414696786
2019-10-18,1.4582034127490073
2019-10-21,0.3802282330481143
2019-10-22,-0.49458010344041936
2019-10-23,1.5328117877125087
2019-10-24,-0.1315413083263975
2019-10-25,0.28167032594153074
2019-10-28,0.22475392709227077
2019-10-29,0.373482819681398
2019-10-30,-0.0745797190189956
2019-10-31,-1.7879514273986037
2019-11-01,0.6813094544179548
2019-11-04,0.601732999902015
2019-11-05,1.0443913650497703
2019-11-06,-1.269618257719429
2019-11-07,2.339938287184462
2019-11-08,-1.7031142587071015
2019-11-11,-0.6744082236994734
2019-11-12,-0.678996412125589
2019-11-13,-0.2083955804399136
2019-11-14,-0.6850602582961014
2019-11-15,0.6281545821900961
2019-11-18,-0.6663489107329562
2019-11-19,1.3659864208876578
2019-11-20,-0.26414993587584584
2019-11-21,-0.96821101272042
2019-11-22,1.0059868912448948
2019-11-25,0.0
2019-11-26,1.0146629808101226
2019-11-27,0.0
2019-11-29,-1.2226251770675425
2019-12-02,-0.3602251272395443
2019-12-03,-0.9350280244473593
2019-12-04,1.3709282765632187
2019-12-05,0.17004868512405172
2019-12-06,2.3324128812934033
2019-12-09,1.300982150379428
2019-12-10,0.3271563364967085
2019-12-11,0.9750871728539094
2019-12-12,0.2512553169920336
2019-12-13,-0.32316232972951947
2019-12-16,1.4283393358279917
2019-12-17,-0.03545842393261305
2019-12-18,-0.08870956930223325
2019-12-19,0.5134167684697181
2019-12-20,-0.7266294832398845
2019-12-23,0.21321271477016093
2019-12-24,0.7603293943800199
2019-12-26,0.9118079154951492
2019-12-27,-0.982295794251151
2019-12-30,-0.31779067950363676
2019-12-31,-1.1918737359718936
2020-01-02,1.386197257400117
2020-01-03,-1.2252620164577053
2020-01-06,0.07143615412484546
2020-01-07,0.12489911002057309
2020-01-08,0.5335280361104605
2020-01-09,-0.3019843955696467
2020-01-10,0.28424732213432735
2020-01-13,1.5141128104805173
2020-01-14,0.5054443125150634
2020-01-15,-0.20884247607477904
2020-01-16,-0.6291488013370902
2020-01-17,-0.08769823405962562
2020-01-21,-1.8059938383446401
2020-01-22,-1.1319894830163686
2020-01-23,-1.492832716628234
2020-01-24,-1.4968463601152304
2020-01-27,-3.370254211194508
2020-01-28,-0.6568787275060071
2020-01-29,-1.0130623718568745
2020-01-30,-1.181812926290166
2020-01-31,-0.13879192386688904
2020-02-03,-0.2781630839076842
2020-02-04,1.363518182006687
2020-02-05,1.2289280484591576
2020-02-06,0.7532635184423567
2020-02-07,-1.531779746404773
2020-02-10,-0.05863890439839269
2020-02-11,1.2048392105614985
2020-02-12,0.6737892007191455
2020-02-13,0.5166971803349477
2020-02-14,-0.5358841233908874
2020-02-18,0.17255923627222433
2020-02-19,0.09574178973584287
2020-02-20,-0.6721071395800639
2020-02-21,0.8824151501548644
2020-02-24,-0.9788029058760143
2020-02-25,0.15417033639106367
2020-02-26,-0.7732488352719614
2020-02-27,-0.1942454387173436
2020-02-28,-0.9965909076269642
2020-03-02,2.137251196559188
2020-03-03,-0.830044742448938
2020-03-04,0.5219915372314801
2020-03-05,-0.4057566920953192
2020-03-06,-0.368539911743034
2020-03-09,-1.9227598789932834
2020-03-10,0.39541335668078004
2020-03-11,-0.8719768270509014
2020-03-12,-1.241759883116232
2020-03-13,-0.2825418464955009
2020-03-16,-3.0992737072886736
2020-03-17,-3.5217871646212253
2020-03-18,-6.928595665634485
2020-03-19,1.811768269532278
2020-03-20,-0.4327544188767025
2020-03-23,-3.2949662935469837
2020-03-24,3.614017132293068
2020-03-25,1.6473339895337513
2020-03-26,-1.1706582769096499
2020-03-27,-0.4994297806900908
2020-03-30,-1.6059113688366142
2020-03-31,3.5442178256069012
2020-04-01,-2.166154106513157
2020-04-02,1.8531661736177207
2020-04-03,-1.035345800473374
2020-04-06,1.1248648337805096
2020-04-07,2.3655430820641765
2020-04-08,-0.45986958494488844
2020-04-09,-0.021960363411895025
2020-04-13,1.870432284786048
2020-04-14,1.1355231982225082
2020-04-15,-1.4808676891256418
2020-04-16,-0.3465412532233834
2020-04-17,2.1039756981869364
2020-04-20,-0.8105767561186609
2020-04-21,-2.9340413435926163
2020-04-22,2.2031713982100394
2020-04-23,0.2800720266081187
2020-04-24,1.0274134981257974
2020-04-27,1.4376535034957383
2020-04-28,-0.12602484476263642
2020-04-29,-0.18933054046948242
2020-04-30,-0.867085653854678
2020-05-01,-1.5195604782488028
2020-05-04,0.2369345157140732
2020-05-05,0.7288434623464495
2020-05-06,0.49003535332819054
2020-05-07,1.393015052270841
2020-05-08,0.9595402089287391
2020-05-11,-1.106367075252672
2020-05-12,-0.906695590776262
2020-05-13,-0.48838062806232047
2020-05-14,0.0851103642777161
2020-05-15,-0.74715524021052
2020-05-18,3.0180644487930426
2020-05-19,0.745659031923072
2020-05-20,1.8198998749865307
2020-05-21,-0.6301502328317766
2020-05-22,-1.7692288023522431
2020-05-26,1.217137606625278
2020-05-27,-1.4873240308350586
2020-05-28,0.4361004771188977
2020-05-29,0.557909275532717
2020-06-01,1.958840785169973
2020-06-02,0.8049945454515105
2020-06-03,0.0801480101131411
2020-06-04,-0.1402940287871713
2020-06-05,2.534784894310127
2020-06-08,0.5071207205734138
2020-06-09,1.1797902372882567
2020-06-10,2.1493915880401624
2020-06-11,-2.6892108008123743
2020-06-12,0.5782631768605123
2020-06-15,-1.2766127683110033
2020-06-16,-0.09738270153012511
2020-06-17,1.0081521186550209
2020-06-18,-0.03858489354546559
2020-06-19,0.922016866581161
2020-06-22,1.5368835295534373
2020-06-23,0.16932186014247175
2020-06-24,-0.35778313068886286
2020-06-25,0.45171714628946336
2020-06-26,0.3561734759798767
2020-06-29,0.2803018415002163
2020-06-30,1.260907456466267
2020-07-01,0.12890102959794766
2020-07-02,0.6054507496220581
2020-07-06,1.1819404216791485
2020-07-07,0.7742857608460916
2020-07-08,0.9639556554876783
2020-07-09,0.47851131859954976
2020-07-10,2.064815743561403
2020-07-13,1.8871662606471675
2020-07-14,-0.88768161479135
2020-07-15,-1.5726515017775968
2020-07-16,0.5385170742135722
2020-07-17,0.051966042864346404
2020-07-20,0.380225759105528
2020-07-21,1.4556304430750295
2020-07-22,-1.1112185097918286
2020-07-23,0.548605270212426
2020-07-24,-1.4639034999462033
2020-07-27,0.20797380049129804
2020-07-28,0.5869155462042941
2020-07-29,0.017208975807643485
2020-07-30,-0.03442091361351335
2020-07-31,-1.5789359078377623
2020-08-03,1.6993655048862486
2020-08-04,-0.6382113936907597
2020-08-05,0.7584961322957363
2020-08-06,-0.2062934220399619
2020-08-07,-4.038470562406942
2020-08-10,2.4076248467133485
2020-08-11,0.4711630824273978
2020-08-12,0.520928586951834
2020-08-13,-2.9170995949506286
2020-08-14,1.8375091977156348
2020-08-17,1.4598818778809668
2020-08-18,2.487773715807772
2020-08-19,1.6027086699857436
2020-08-20,-1.6363705966904099
2020-08-21,-1.9206830624312141
2020-08-24,0.30842466453609596
2020-08-25,0.29042813077741414
2020-08-26,0.9676700506990208
2020-08-27,0.1856643218237531
2020-08-28,1.0067189855022238
2020-08-31,1.5242178960234467
2020-09-01,-1.041241143843803
2020-09-02,-0.21621648907330557
2020-09-03,-1.5098450398706693
2020-09-04,2.94800344739633
2020-09-08,-1.1223065417682132
2020-09-09,0.9087188224391338
2020-09-10,-1.758796746711079
2020-09-11,1.5612319120027474
2020-09-14,1.0654974767327223
2020-09-15,-0.1142013270804537
2020-09-16,-0.16336798210393352
2020-09-17,0.27756930918439077
2020-09-18,1.5210704021910233
2020-09-21,-2.7349941390663735
2020-09-22,0.9690478235654542
2020-09-23,-2.164480068514936
2020-09-24,-0.821803964183215
2020-09-25,0.1346330866492203
2020-09-28,0.5534603954764762
2020-09-29,-0.20090553926067636
2020-09-30,1.4970364631857753
2020-10-01,-5.602277974110287
2020-10-02,3.937508679566369
2020-10-05,-0.4542777443283388
2020-10-06,0.0168688028856739
2020-10-07,2.3000936421358085
2020-10-08,0.2468584068292834
2020-10-09,1.2252021117959089
2020-10-12,-0.6025537657488581
2020-10-13,-0.6062143332148141
2020-10-14,0.16419958016991418
2020-10-15,1.1581583012424417
2020-10-16,-0.5855542905520287
2020-10-19,0.5206660653562329
2020-10-20,2.008260864794863
2020-10-21,1.6093714148421183
2020-10-22,-1.4028088394181881
2020-10-23,-0.7808224318010925
2020-10-26,-1.1908715230312057
2020-10-27,0.04855195681385705
2020-10-28,-1.0737045805092682
2020-10-29,-0.1636888906619076
2020-10-30,-0.2788977016660312
2020-11-02,0.9808799275682798
2020-11-03,0.43827602395503823
2020-11-04,0.4524951956506421
2020-11-05,0.11280267637863377
2020-11-06,1.4232230068109504
2020-11-09,0.07936060264974974
2020-11-10,-0.03173365667661109
2020-11-11,-0.6847740939407032
2020-11-12,0.44642737826021694
2020-11-13,1.02873518215844
2020-11-16,1.3916294608975153
2020-11-17,-0.7324887525767136
2020-11-18,0.04691191819872427
2020-11-19,0.17183721209568906
2020-11-20,2.770684066444856
2020-11-23,-1.037699530832545
2020-11-24,1.234863644804237
2020-11-25,0.3629793442105052
2020-11-27,2.6076083099673575
2020-11-30,0.6158420364391128
2020-12-01,1.3791289289805475
2020-12-02,0.20164113540911208
2020-12-03,0.1150470912733863
2020-12-04,1.0010049910142087
2020-12-07,-0.15663484164622365
2020-12-08,-0.414142427707529
2020-12-09,0.39988454471531765
2020-12-10,1.765956801103442
2020-12-11,-1.3108925112561076
2020-12-14,-0.05676568532849705
2020-12-15,0.45325947328263866
2020-12-16,0.4512075897879891
2020-12-17,1.202643054229252
2020-12-18,0.8719203163225152
2020-12-21,-1.5413769301266707
2020-12-22,-1.551295190210003
2020-12-23,0.9618223689987471
2020-12-24,0.2249690773362123
2020-12-28,0.2805048301274772
2020-12-29,-0.4773267568748166
2020-12-30,-0.28184884850533864
2020-12-31,-0.821884864248374
2021-01-04,1.1037337127537157
2021-01-05,2.4328744190622302
2021-01-06,0.2606140008538045
2021-01-07,1.238864164946358
2021-01-08,-0.5970932678744613
2021-01-11,-3.02614235893539
2021-01-12,1.1438296923926266
2021-01-13,0.33232054179664716
2021-01-14,1.4001568268525182
2021-01-15,-1.7879738594029113
2021-01-19,0.9117342638361609
2021-01-20,0.31578581146133866
2021-01-21,0.21908531376899995
2021-01-22,-0.5486224494399297
2021-01-25,0.13744131974424212
2021-01-26,-0.3439515678004511
2021-01-27,-1.5695844799481935
2021-01-28,0.32147296487249716
2021-01-29,-0.26549381584333254
2021-02-01,-0.3223289685306545
2021-02-02,-0.6477983976974251
2021-02-03,1.1099516193104106
2021-02-04,-0.34992120955700623
2021-02-05,2.026438669553112
2021-02-08,1.0932047306130872
2021-02-09,1.470518335172193
2021-02-10,1.3831859146124463
2021-02-11,0.0528153994475191
2021-02-12,0.38211104503456117
2021-02-16,1.2026289584637935
2021-02-17,-0.31233976197785984
2021-02-18,2.076827313014467
2021-02-19,4.334658616094551
2021-02-22,1.5165591889079963
2021-02-23,0.8393297899842402
2021-02-24,2.6743684145325672
2021-02-25,-0.8171009534660135
2021-02-26,-4.103194619546087
2021-03-01,0.6087210099527751
2021-03-02,2.682473962060562
2021-03-03,-1.8725640031192103
2021-03-04,-3.9789124959845554
2021-03-05,2.376936815219808
2021-03-08,0.40290626809541036
2021-03-09,-2.0682779387527757
2021-03-10,0.5582111939608719
2021-03-11,2.468061979953488
2021-03-12,0.060325926357646865
2021-03-15,0.024117884471256956
2021-03-16,-1.6412772188325007
2021-03-17,1.1941116105170713
2021-03-18,-0.26682077001745563
2021-03-19,0.1577518032268044
2021-03-22,0.6165095967979719
2021-03-23,-1.4811572761879677
2021-03-24,-0.4044370217164056
2021-03-25,-2.1474152909001
2021-03-26,2.319193733387119
2021-03-29,-0.8742177867836775
2021-03-30,-1.4951731127624066
2021-03-31,0.5008711435911329
2021-04-01,0.012494902745103476
2021-04-05,3.569840708627201
2021-04-06,-0.5437760323936038
2021-04-07,-1.5261879291046891
2021-04-08,0.9672498938159392
2021-04-09,-1.299993155948338
2021-04-12,-0.5073881548938817
2021-04-13,0.3220617363235335
2021-04-14,2.3708710203915606
2021-04-15,2.1624486094410433
2021-04-16,-1.2009036212427846
2021-04-19,1.6607777466976492
2021-04-20,-0.6136441950969237
2021-04-21,1.4688002811719945
2021-04-22,-0.14007337467382489
2021-04-23,1.4495528570305756
2021-04-26,2.388920803618793
2021-04-27,6.421530667284831
2021-04-28,-4.4403813130381655
2021-04-29,-0.9745403319025618
2021-04-30,-0.3120809214669029
2021-05-03,1.4187807813497626
2021-05-04,-0.15421186716272925
2021-05-05,0.06612142306960406
2021-05-06,1.74714913257196
2021-05-07,3.1329113091163485
2021-05-10,-0.6842448062350475
2021-05-11,0.9461819095785704
2021-05-12,-0.5455899067965582
2021-05-13,-0.9938743351079252
2021-05-14,-0.885860766012958
2021-05-17,1.225307234489491
2021-05-18,0.296075912434077
2021-05-19,-3.1316213006871427
2021-05-20,-0.1635539127682538
2021-05-21,-1.8947464727376417
2021-05-24,1.006930310265188
2021-05-25,-0.4303036537704567
2021-05-26,0.24296326940673585
2021-05-27,2.9025375367174044
2021-05-28,0.34227852531662456
2021-06-01,-0.43875518245006734
2021-06-02,-1.3388296308474887
2021-06-03,-2.8332377874284864
2021-06-04,1.4652273684639288
2021-06-07,-0.05511286529771498
2021-06-08,0.6155296333228396
2021-06-09,-0.5824561671397552
2021-06-10,-1.0303133803955267
2021-06-11,1.140472334101938
2021-06-14,-0.20940166441878005
2021-06-15,-4.328897420427009
2021-06-16,1.2024140439162556
2021-06-17,-4.851124925652677
2021-06-18,-0.5271442057981501
2021-06-21,0.5988064755717648
2021-06-22,1.1161344012827816
2021-06-23,2.253318671770442
2021-06-24,-0.4512539660794791
2021-06-25,-0.2903500398113391
2021-06-28,-0.48968056970302243
2021-06-29,-0.035061145826300696
2021-06-30,0.4665815048149154
2021-07-01,-1.2765905292922919
2021-07-02,0.9385324889507184
2021-07-06,-0.5620663029976491
2021-07-07,1.6537025296375227
2021-07-08,-1.337148807042943
2021-07-09,1.8785304387606945
2021-07-12,-0.680078879935816
2021-07-13,-0.19681857282249365
2021-07-14,-0.8729591718294976
2021-07-15,1.300836736618339
2021-07-16,-0.01154468109266354
2021-07-19,-2.8563388889063743
2021-07-20,1.4851806274035204
2021-07-21,0.21037466339359692
2021-07-22,1.5179078440340366
2021-07-23,1.3364711728005902
2021-07-26,4.0581492065157825
2021-07-27,-0.9414458188131294
2021-07-28,-1.484789860388056
2021-07-29,0.9112161958738269
2021-07-30,-0.8777292901011693
2021-08-02,-1.088371112823881
2021-08-03,-1.1117587657581398
2021-08-04,-1.2165873542960521
2021-08-05,0.3573300745128146
2021-08-06,0.0
2021-08-09,-1.3553595701871708
2021-08-10,1.4933391699381848
2021-08-11,0.2868410994362811
2021-08-12,-0.18348393211124997
2021-08-13,0.7091448503645413
2021-08-16,-1.492737705102726
2021-08-17,-2.8633784386797414
2021-08-18,-2.0202619271785522
2021-08-19,-1.9008566265899391
2021-08-20,2.3493114300061775
2021-08-23,2.3898832525376985
2021-08-24,0.4829547756957162
2021-08-25,0.234736071800499
2021-08-26,-0.4464830380560233
2021-08-27,1.646761273866541
2021-08-30,1.0256470859227964
2021-08-31,-0.022931487279600336
2021-09-01,-2.2498947515922945
2021-09-02,0.6313583580268056
2021-09-03,0.8241019236161445
2021-09-07,-1.1158980827595135
2021-09-08,-1.06940976464112
2021-09-09,1.209581303031157
2021-09-10,3.768406881650757
2021-09-13,-1.9180031934511121
2021-09-14,-1.0482219734218319
2021-09-15,1.9607402467313417
2021-09-16,-2.879719785590884
2021-09-17,-0.7742880476100125
2021-09-20,-3.073485131819312
2021-09-21,0.2668207700174605
2021-09-22,2.971408323821386
2021-09-23,-0.5068699628163132
2021-09-24,1.3265431133486612
2021-09-27,0.13984484427297011
2021-09-28,-1.1360445887335986
2021-09-29,-1.065731292806011
2021-09-30,-2.653947251399646
2021-10-01,2.499071008642659
2021-10-04,1.2559400382500427
2021-10-05,-1.0534481818709953
2021-10-06,-1.076696014182189
2021-10-07,2.236055645606652
2021-10-08,0.749946452518983
2021-10-11,2.113848449465271
2021-10-12,-1.0455613767918948
2021-10-13,4.328608012221442
2021-10-14,2.4258091768928467
2021-10-15,2.1889815135657775
2021-10-18,-0.07396026716169422
2021-10-19,-0.34940996754851794
2021-10-20,0.8870135393080384
2021-10-21,-3.6289745088044474
2021-10-22,-1.3278690294991742
2021-10-25,0.5618262331948899
2021-10-26,-1.4383974458996975
2021-10-27,-2.2427198827258543
2021-10-28,1.1445513487450607
2021-10-29,-1.4070309600734763
2021-11-01,0.6038126637894605
2021-11-02,-0.6381033013645391
2021-11-03,-1.1034561912988545
2021-11-04,0.0
2021-11-05,0.5302551440579939
2021-11-08,1.2794378665092954
2021-11-09,-0.5691556501315153
2021-11-10,-1.1943193107045618
2021-11-11,1.7521189890522815
2021-11-12,1.1512569024587669
2021-11-15,-1.0945115749440502
2021-11-16,-1.1066238230316974
2021-11-17,-1.9811861032998197
2021-11-18,0.8621789527720713
2021-11-19,2.2596648836052977
2021-11-22,-0.2953207708921884
2021-11-23,0.6349919772657603
2021-11-24,0.7769024297896241
2021-11-26,-4.039689262802098
2021-11-29,1.287945681614314
2021-11-30,-1.369725809947628
2021-12-01,-0.7155021033390443
2021-12-02,1.2051826730420676
2021-12-03,-0.7588569722410959
2021-12-06,1.6389022124856982
2021-12-07,0.02305308491431459
2021-12-08,1.2143573592484371
2021-12-09,-1.3989420272332787
2021-12-10,-1.0913827542635872
2021-12-13,-0.07006382375670685
2021-12-14,-0.6093297896441775
2021-12-15,-1.766811391749457
2021-12-16,2.853962869419999
2021-12-17,-0.22114952662112627
2021-12-20,-0.06993315504947428
2021-12-21,1.1592922396493515
2021-12-22,1.180198646459736
2021-12-23,-0.056971622491161465
2021-12-27,1.7623607188597905
2021-12-28,-1.0129535152001214
2021-12-29,-0.40807415119860696
2021-12-30,-0.3983371511129868
2021-12-31,1.5951443469743471
2022-01-03,-0.9132412861813927
2022-01-04,1.1598540419920207
2022-01-05,-1.3866424055518836
2022-01-06,-1.2910766635443491
2022-01-07,1.257011838481499
2022-01-10,-1.3375406825257623
2022-01-11,1.7342074765997033
2022-01-12,3.194669342781295
2022-01-13,-0.6594926000907652
2022-01-14,-2.7389771925188553
2022-01-18,-0.8079713934942309
2022-01-19,1.9574119919829758
2022-01-20,2.522533202944143
2022-01-21,-1.4083219115167165
2022-01-24,-2.4565182341618192
2022-01-25,0.9043688843895334
2022-01-26,1.3747089738331866
2022-01-27,-2.052212314024888
2022-01-28,-2.5242306840425033
2022-01-31,0.3479847337282577
2022-02-01,2.538150755916106
2022-02-02,1.3901630631165696
2022-02-03,-0.5470372576170368
2022-02-04,0.37989316585367355
2022-02-07,-0.4918922281595184
2022-02-08,-0.04484546376708192
2022-02-09,3.1128401116122113
2022-02-10,1.2313761988536047
2022-02-11,-3.3290861982797058
2022-02-14,0.055479771544443404
2022-02-15,0.531026602842403
2022-02-16,0.19841940669003783
2022-02-17,-0.34195760465945796
2022-02-18,-0.1216278926307887
2022-02-22,-0.21041150368183928
2022-02-23,-0.6339359251972713
2022-02-24,-0.6155277033755284
2022-02-25,0.4033195170668777
2022-02-28,-0.6168393316155891
2022-03-01,3.1449872730158694
2022-03-02,1.4932059853336426
2022-03-03,2.4611441643241863
2022-03-04,3.2475363541119946
2022-03-07,-4.29036430863589
2022-03-08,-0.4563576043598594
2022-03-09,-2.946942805330367
2022-03-10,1.726889977708569
2022-03-11,-0.5939792974359469
2022-03-14,-2.267728582966045
2022-03-15,-0.2440578011937699
2022-03-16,1.90334568099788
2022-03-17,2.2094980037891685
2022-03-18,0.8491811707014074
2022-03-21,-0.6149358180897094
2022-03-22,-0.2662225985065833
2022-03-23,1.5553332635634953
2022-03-24,-0.7058917381914072
2022-03-25,-0.9134470614113593
2022-03-28,0.5957539850870366
2022-03-29,0.053010560070973406
2022-03-30,0.48646967103837585
2022-03-31,0.07381987602404795
2022-04-01,-1.283772243370569
2022-04-04,1.987597695162795
2022-04-05,0.3031026962958835
2022-04-06,-1.2074247417858537
2022-04-07,-0.8166738169883228
2022-04-08,0.5310605923722224
2022-04-11,-1.9575916918115406
2022-04-12,1.6180371556952136
2022-04-13,0.06375056286456698
2022-04-14,0.21222905055257238
2022-04-18,1.660923204110943
2022-04-19,-1.7245385702313174
2022-04-20,-1.3777188294921696
2022-04-21,1.1547204670620876
2022-04-22,-2.6062172064567015
2022-04-25,-2.9565371325842635
2022-04-26,-0.20249359120116428
2022-04-27,0.32604763781424373
2022-04-28,-0.9246878261905584
2022-04-29,-0.42004606505355147
2022-05-02,-3.225530051190937
2022-05-03,0.3635744138011982
2022-05-04,1.3373043660184394
2022-05-05,-1.0100497643645998
2022-05-06,-0.5499333209514505
2022-05-09,-1.620475325248406
2022-05-10,-0.922434401865177
2022-05-11,1.3864232358316693
2022-05-12,-2.5850570766837735
2022-05-13,1.8225116357163194
2022-05-16,0.38199388179227
2022-05-17,1.0194545833625965
2022-05-18,-1.3655709241902487
2022-05-19,2.433087712236187
2022-05-20,-0.09338571984142076
2022-05-23,1.5414272906901085
2022-05-24,-0.5073188864434374
2022-05-25,-1.1275925634071906
2022-05-26,-0.5157028728977054
2022-05-27,1.1450010894338127
2022-05-31,-0.20932266156563728
2022-06-01,0.8115951194897815
2022-06-02,5.043842146787454
2022-06-03,-1.6941099429397821
2022-06-06,-0.8523121594769303
2022-06-07,0.0
2022-06-08,0.427064122011487
2022-06-09,-1.5710969258667342
2022-06-10,-2.025381550319391
2022-06-13,-1.9842227404011912
2022-06-14,-1.3129773188470064
2022-06-15,0.14407595155047007
2022-06-16,-1.3406814849765658
2022-06-17,-2.324972573064061
2022-06-21,0.6327245744323865
2022-06-22,-2.289180716663073
2022-06-23,-5.007527019268077
2022-06-24,0.03989868412958625
2022-06-27,0.5040481110548134
2022-06-28,0.1322194043288262
2022-06-29,-0.1322194043288164
2022-06-30,-1.721536971692983
2022-07-01,-2.6046333272272815
2022-07-05,-5.509627519484512
2022-07-06,-0.2045878120812058
2022-07-07,4.686572875972961
2022-07-08,-1.4057007328479205
2022-07-11,-2.7119838109684387
2022-07-12,-4.188317325764013
2022-07-13,0.8758752448603864
2022-07-14,-3.519335333759035
2022-07-15,0.7447646427040557
2022-07-18,3.4488832166270904
2022-07-19,-1.70197516986835
2022-07-20,1.1478714797717557
2022-07-21,-0.8293771177248261
2022-07-22,1.3984128994097222
2022-07-25,0.07463414598675229
2022-07-26,0.9356231511626789
2022-07-27,1.3799446663093595
2022-07-28,1.3179943583044094
2022-07-29,3.0885074406484785
2022-08-01,-0.8968687961960311
2022-08-02,-0.7772286091061582
2022-08-03,-1.572804187747457
2022-08-04,0.3883492834934447
2022-08-05,1.9898306639490178
2022-08-08,0.9663298145692365
2022-08-09,0.13927233381702203
2022-08-10,1.7384534003716743
2022-08-11,1.4933773931209706
2022-08-12,-0.9341402279006945
2022-08-15,-1.2868122622951974
2022-08-16,0.20645340532498196
2022-08-17,-1.0643498782088991
2022-08-18,1.338968446850069
2022-08-19,1.00955673417733
2022-08-22,-0.3535497640371862
2022-08-23,0.9220382581036168
2022-08-24,-1.1948522410051805
2022-08-25,1.3566875289911355
2022-08-26,0.026944961898488138
2022-08-29,-2.3168122718755138
2022-08-30,-2.2729784336666845
2022-08-31,-0.7503393602892207
2022-09-01,-3.000371904235833
2022-09-02,0.2047973073194855
2022-09-06,1.3787355194825273
2022-09-07,-0.8976500708669837
2022-09-08,2.810625213150235
2022-09-09,1.2645967498656328
2022-09-12,1.2350083783838168
2022-09-13,-1.2350083783838062
2022-09-14,-0.9962910990771172
2022-09-15,-0.6224401018000891
2022-09-16,1.0586630784932172
2022-09-19,-0.09834160131192235
2022-09-20,-0.2673926948828699
2022-09-21,-1.0198392195087953
2022-09-22,-0.3851363389370319
2022-09-23,-3.6976582561351257
2022-09-26,-1.735274304609566
2022-09-27,0.28629649246226285
2022-09-28,1.7599265856016142
2022-09-29,1.7004246566302488
2022-09-30,0.0581184279762811
2022-10-03,0.4637698966480462
2022-10-04,1.720224306202251
2022-10-05,0.41132293482634885
2022-10-06,-1.641139210280052
2022-10-07,-1.814931900831225
2022-10-10,1.1943086371317377
2022-10-11,0.7069175608445529
2022-10-12,-0.9678647353026072
2022-10-13,0.6655117764567944
2022-10-14,-0.4914713560715287
2022-10-17,0.14479805876362412
2022-10-18,-1.428173107575101
2022-10-19,-1.3595599532649043
2022-10-20,2.657423555643514
2022-10-21,2.064886296966148
2022-10-24,-1.242427870087604
2022-10-25,-0.8369469804456653
2022-10-26,5.0575722174003355
2022-10-27,-0.11026737354187541
2022-10-28,-4.499098542763021
2022-10-31,-1.5263035855571663
2022-11-01,2.7735406246531835
2022-11-02,-0.11403988240251282
2022-11-03,-1.407665411905296
2022-11-04,7.198753440505038
2022-11-07,-2.31491926898835
2022-11-08,2.072329847077123
2022-11-09,0.9668401989680269
2022-11-10,1.446130772298517
2022-11-11,4.002082340088562
2022-11-14,-2.459769319047303
2022-11-15,-0.40288750905798537
2022-11-16,-1.3503933351268351
2022-11-17,-2.6347230673519144
2022-11-18,-1.5707520511022275
2022-11-21,-1.679775910019108
2022-11-22,1.1967852886423014
2022-11-23,0.08296518546003268
2022-11-25,0.24847678648594
2022-11-28,-0.44216719910318186
2022-11-29,0.5386385951892667
2022-11-30,2.7041511441138333
2022-12-01,2.240428742869569
2022-12-02,0.8875067017934064
2022-12-05,-1.531946192432865
2022-12-06,0.5788747695507183
2022-12-07,1.1477864376372473
2022-12-08,0.6463335625930138
2022-12-09,-0.1160356135408776
2022-12-12,-2.019740729965815
2022-12-13,1.0735868843074603
2022-12-14,0.9203525932870658
2022-12-15,-2.9329148152795206
2022-12-16,-0.0398732072796037
2022-12-19,0.5699561054415407
2022-12-20,0.38255842291201647
2022-12-21,0.22358395072753517
2022-12-22,-1.4423036346991203
2022-12-23,1.363449090105313
2022-12-27,0.7987978209936255
2022-12-28,-0.03913355462330034
2022-12-29,-0.28746701664194907
2022-12-30,-0.40647976772317307
2023-01-03,-1.0433957899771706
2023-01-04,-0.7061513953980101
2023-01-05,2.0774820894930333
2023-01-06,2.3426911668422057
2023-01-09,2.7755004194319794
2023-01-10,1.19969437033643
2023-01-11,2.1286480607387537
2023-01-12,0.7553507080328284
2023-01-13,0.5123049509968358
2023-01-17,0.17809851053655898
2023-01-18,0.31976664231129387
2023-01-19,-0.04730585681476769
2023-01-20,0.5191713423161991
2023-01-23,0.12938117847991
2023-01-24,-0.2000141594498202
2023-01-25,-0.12964038611068426
2023-01-26,0.6347835431552937
2023-01-27,-1.0128509708496631
2023-01-30,-0.4865078397412996
2023-01-31,0.592983149014796
2023-02-01,-2.8180971315559473
2023-02-02,-0.4143869067426235
2023-02-03,-0.7600786928514156
2023-02-06,-0.4811026420657321
2023-02-07,1.10675198721468
2023-02-08,-1.1067519872146718
2023-02-09,1.5216951712487221
2023-02-10,-1.9181718102926708
2023-02-13,1.466530449218885
2023-02-14,0.5611882545715784
2023-02-15,-1.4212463309734498
2023-02-16,2.7625758127863236
2023-02-17,-1.2440602597921169
2023-02-21,2.8869487950406025
2023-02-22,-0.7585686633612644
2023-02-23,-3.1299737103105003
2023-02-24,-2.9399235498182517
2023-02-27,1.3561207960721595
2023-02-28,2.1835204506747248
2023-03-01,1.7059363138082109
2023-03-02,-2.035943014453159
2023-03-03,-0.1470238400068026
2023-03-06,0.5502254552679114
2023-03-07,-2.8195284362454744
2023-03-08,1.3702273664630737
2023-03-09,0.32114679606452434
2023-03-10,-0.22222975731185043
2023-03-13,0.591503105341583
2023-03-14,-1.4604223875148894
2023-03-15,-3.915589726406634
2023-03-16,0.749165073918125
2023-03-17,0.718046840986544
2023-03-20,1.5718420931151944
2023-03-21,1.0758108421719415
2023-03-22,1.2365729819804585
2023-03-23,1.8869600463035117
2023-03-24,-1.0791223100072962
2023-03-27,0.0731119363944733
2023-03-28,0.18256371744921762
2023-03-29,0.0729253137918563
2023-03-30,-0.5971596378464864
2023-03-31,0.3416706066054023
2023-04-03,-1.102402131222189
2023-04-04,-1.889903608714548
2023-04-05,0.3633381905590772
2023-04-06,0.6979120201193603
2023-04-10,-0.9859673722404266
2023-04-11,0.9486993831041504
2023-04-12,1.4798628628832804
2023-04-13,0.9624302089538153
2023-04-14,-0.4008994226112893
2023-04-17,-1.0154878050209506
2023-04-18,0.576298961307623
2023-04-19,-0.42884152605510983
2023-04-20,-1.235503523912945
2023-04-21,-1.0497426478094585
2023-04-24,-0.6807022403893281
2023-04-25,-2.744116592459947
2023-04-26,0.10394877687441904
2023-04-27,0.3759195881210624
2023-04-28,0.1422158060251682
2023-05-01,1.207159133459514
2023-05-02,-1.777252311403792
2023-05-03,-0.42971603240247397
2023-05-04,0.4816738162005003
2023-05-05,0.5568909257022008
2023-05-08,1.1939282355043677
2023-05-09,-0.7429275661692833
2023-05-10,-1.5809547951148435
2023-05-11,-3.468557850457871
2023-05-12,0.5125463963486874
2023-05-15,0.5634548971556217
2023-05-16,-2.245763893263928
2023-05-17,2.392815004955149
2023-05-18,-1.6567170646879479
2023-05-19,1.1075242204644238
2023-05-22,-1.311451509144308
2023-05-23,-0.8885309913583155
2023-05-24,-2.4462668056277757
2023-05-25,0.7569408463295665
2023-05-26,2.5642478657893806
2023-05-30,-0.42283548101821194
2023-05-31,-0.7408443894296499
2023-06-01,2.057994553461066
2023-06-02,0.43074591099826287
2023-06-05,1.0688134115109844
2023-06-06,0.11952753285475502
2023-06-07,-0.3323820887920406
2023-06-08,1.1124483941375436
2023-06-09,-0.19774400329071012
2023-06-12,-1.0212986332559824
2023-06-13,2.058393527545379
2023-06-14,0.9747274464701497
2023-06-15,0.7858378187557228
2023-06-16,-0.3084460410103486
2023-06-20,-0.15458052679607942
2023-06-21,0.8344622172603903
2023-06-22,-0.5769626410965336
2023-06-23,-2.1444705405699174
2023-06-26,-0.5136663843470489
2023-06-27,-0.13213204804729306
2023-06-28,-1.6262717242044695
2023-06-29,-1.1624889717818434
2023-06-30,1.7119762454237415
2023-07-03,1.010649743502253
2023-07-05,-0.6770702010279596
2023-07-06,-0.8965057989726697
2023-07-07,1.2555242100977209
2023-07-10,0.11939115667481735
2023-07-11,-0.47840956779988425
2023-07-12,2.3304332366448293
2023-07-13,2.25191512031186
2023-07-14,-0.19105072686509908
2023-07-17,-2.3214845678324663
2023-07-18,-0.41841150008894523
2023-07-19,-0.4333273471702537
2023-07-20,0.4726311972921368
2023-07-21,-0.3805566164032608
2023-07-24,0.9812374827090159
2023-07-25,1.5886632740097149
2023-07-26,-0.2951527767644835
2023-07-27,-0.6964162724217499
2023-07-28,1.3752529805071607
2023-07-31,1.9592326557728506
2023-08-01,-2.560987630344337
2023-08-02,-1.7096643101558042
2023-08-03,1.2591799371307437
2023-08-04,-0.8030064930524057
2023-08-07,-0.8357339027301282
2023-08-08,-1.7193931931010522
2023-08-09,0.5189291827776294
2023-08-10,-0.4389179490860395
2023-08-11,-0.9778385518049705
2023-08-14,0.2688532499772437
2023-08-15,-1.7059705490878745
2023-08-16,-0.27348548463460387
2023-08-17,0.9268137866743791
2023-08-18,0.36563045923539994
2023-08-21,0.35083052685986854
2023-08-22,1.0318368615644782
2023-08-23,1.403252414170121
2023-08-24,-0.9510047638679906
2023-08-25,-0.19926764025285024
2023-08-28,-0.1597030419395655
2023-08-29,1.0335333734980574
2023-08-30,-0.21113486150725985
2023-08-31,-0.330798779422602
2023-09-01,1.0547220161808302
2023-09-05,-0.03934915141578225
2023-09-06,-1.65358614550924
2023-09-07,-0.6020497844491621
2023-09-08,-1.228667031147108
2023-09-11,2.40263755923222
2023-09-12,-0.47859403472574763
2023-09-13,0.10655164645383217
2023-09-14,0.7030601726295184
2023-09-15,-0.5035805340189131
2023-09-18,-0.5862794874404216
2023-09-19,-0.7377114694002875
2023-09-20,0.8712615559421198
2023-09-21,-2.15845213732607
2023-09-22,-0.027282213398609857
2023-09-25,-0.43745887456840704
2023-09-26,-0.6735854335471091
2023-09-27,0.055159776200202564
2023-09-28,1.8439332917652356
2023-09-29,0.8490072133495772
2023-10-02,-2.5551838783158307
2023-10-03,-0.45533010894279763
2023-10-04,-0.8750625267827401
2023-10-05,-1.0377369546376294
2023-10-06,2.161420132431376
2023-10-09,0.4953880384421103
2023-10-10,-0.28867858051032025
2023-10-11,-0.49682374726279416
2023-10-12,-0.5549398375345767
2023-10-13,-0.3903037387205397
2023-10-16,0.19533896712972215
2023-10-17,-0.32111390657374383
2023-10-18,0.181627872384285
2023-10-19,0.2648646316544683
2023-10-20,-1.3878399770406624
2023-10-23,0.8714011252535694
2023-10-24,1.0302177055933803
2023-10-25,-1.0582072795597843
2023-10-26,-0.09803193019683053
2023-10-27,1.818863610653167
2023-10-30,0.42561553476827724
2023-10-31,-0.2194459013838501
2023-11-01,0.09606765995697496
2023-11-02,0.6017543945370838
2023-11-03,0.20431616991153165
2023-11-06,0.948005082811503
2023-11-07,-1.07054338454219
2023-11-08,-1.1510144819098955
2023-11-09,0.19275703259737917
2023-11-10,-1.4269157458469892
2023-11-13,2.180599740087153
2023-11-14,0.5445889973388243
2023-11-15,0.9459553378394794
2023-11-16,-0.35031055938466704
2023-11-17,0.8868639896387446
2023-11-20,1.986821597491017
2023-11-21,0.052447711588375155
2023-11-22,-1.2663431778597654
2023-11-23,0.3313248705167273
2023-11-24,0.46201451544259814
2023-11-27,-0.899593838200251
2023-11-28,1.0180578370415694
2023-11-29,-0.39541648051621137
2023-11-30,1.1293615185232244
2023-12-01,2.0677894818539593
2023-12-04,-2.290028917093974
2023-12-05,-1.2643355374770926
2023-12-06,-1.4955544784657966
2023-12-07,1.8131370036655488
2023-12-08,0.9336658119057151
2023-12-11,-1.0526403080123783
2023-12-12,0.1586054251007991
2023-12-13,0.0
2023-12-14,2.671341646256868
2023-12-15,-0.09004914113786365
2023-12-18,-0.9569435673899874
2023-12-19,1.239681659017588
2023-12-20,0.14107288714222277
2023-12-21,0.17925663016954216
2023-12-22,-0.3331630864701173
2023-12-26,0.0
2023-12-27,1.224663790708297
2023-12-28,-0.7764293971769604
2023-12-29,-0.834033906042459
2024-01-02,-0.2967966591667373
2024-01-03,-0.5572455833696495
2024-01-04,-0.4297719920560186
2024-01-05,-0.9573209599656143
2024-01-08,0.13167965968512108
2024-01-09,-1.3513687151423264
2024-01-10,0.8632709208340604
2024-01-11,-0.11908469366554993
2024-01-12,-0.9712037259593113
2024-01-16,0.7060573294444215
2024-01-17,-0.9067916399167035
2024-01-18,0.33433155392107144
2024-01-19,1.1152546895434285
2024-01-22,-0.6091927798664862
2024-01-23,0.7015711382110759
2024-01-24,2.398134195657936
2024-01-25,-0.4388225975928769
2024-01-26,-0.3887995133573001
2024-01-29,0.5826338664611392
2024-01-30,0.8612481930482765
2024-01-31,-0.1024506918232175
2024-02-01,-1.2895073103420651
2024-02-02,-0.8079246138829319
2024-02-05,-1.3037647679487865
2024-02-06,0.27797897522733395
2024-02-07,-1.19682482855952
2024-02-08,-0.85987539186785
2024-02-09,-0.5276283297228367
2024-02-12,1.1464089588562927
2024-02-13,-0.389651899565707
2024-02-14,-0.3641510587655012
2024-02-15,1.501972560235301
2024-02-16,2.146373864108161
2024-02-20,0.7398266423898034
2024-02-21,0.20669521599391152
2024-02-22,0.5918700162107859
2024-02-23,-0.39848548518280574
2024-02-26,-1.505351262094677
2024-02-27,0.1828924853939109
2024-02-28,-0.09140131607922762
2024-02-29,0.18271916643559571
2024-03-01,0.5331944340947729
2024-03-04,-0.07785185222983851
2024-03-05,-0.20789760346844136
2024-03-06,0.687020292499271
2024-03-07,1.2580403026815254
2024-03-08,-0.8841141992994158
2024-03-11,0.960619751598691
2024-03-12,0.06371602048168774
2024-03-13,3.196757906286835
2024-03-14,-0.38320318658368846
2024-03-15,1.85292761881015
2024-03-18,0.048616871846409865
2024-03-19,-1.3703930026624762
2024-03-20,-0.49401068240525897
2024-03-21,0.1979066521667773
2024-03-22,-1.255848718644402
2024-03-25,0.2748950364143193
2024-03-26,-0.2748950364143272
2024-03-27,-0.08762558461157091
2024-03-28,0.27513568915070646
2024-04-01,1.0559764969196423
2024-04-02,0.5914301943359764
2024-04-03,2.977338834622253
2024-04-04,1.267868785322154
2024-04-05,-0.16497692716825132
2024-04-08,0.8806469090439988
2024-04-09,0.21020268892719385
2024-04-10,-0.0933639226970129
2024-04-11,-0.7030778924386207
2024-04-12,0.1292747486602454
2024-04-15,2.813825663037773
2024-04-16,-1.6927148262715064
2024-04-17,0.8556985206100346
2024-04-18,2.2316666301241708
2024-04-19,1.375477653638138
2024-04-22,-0.03331636471842886
2024-04-23,-0.2224498456326981
2024-04-24,-0.5247004104412529
2024-04-25,2.2905541498675426
2024-04-26,-0.032827392489267616
2024-04-29,1.950650398856371
2024-04-30,-2.049186837508004
2024-05-01,-0.2632464921645256
2024-05-02,-1.2933317917676534
2024-05-03,1.7535645885979678
2024-05-06,1.324951378365935
2024-05-07,-0.19438071566325993
2024-05-08,-1.3823437394735734
2024-05-09,0.9924347576340845
2024-05-10,1.8493154614805059
2024-05-13,2.337441843747099
2024-05-14,3.054135567271197
2024-05-15,0.3224888630024549
2024-05-16,-1.5717986101867598
2024-05-17,3.31721954064959
2024-05-20,0.6013115734029729
2024-05-21,0.6172529764052083
2024-05-22,-5.037867628083627
2024-05-23,-1.0532860973531981
2024-05-24,-0.7920855535350033
2024-05-28,2.0095998272900593
2024-05-29,-1.4461603129634713
2024-05-30,-2.817387080286396
2024-05-31,-1.335934485842353
2024-06-03,1.4429002560831694
2024-06-04,-2.79693436772657
2024-06-05,1.5598963957449268
2024-06-06,1.5359267282059677
2024-06-07,-4.279131341481484
2024-06-10,1.3700313066128966
2024-06-11,-0.7379337539937879
2024-06-12,1.2851028875042267
2024-06-13,-1.628375290112501
2024-06-14,0.9604300840204132
2024-06-17,-0.6503193353933149
2024-06-18,0.8917257879037289
2024-06-20,1.220063799655793
2024-06-21,-2.721855311482856
2024-06-24,0.7316293073439872
2024-06-25,-3.2782439089447473
2024-06-26,-0.3086294688055573
2024-06-27,-0.8969709638196547
2024-06-28,1.4222117373647194
2024-07-01,0.8166037278466389
2024-07-02,0.06775653866961057
2024-07-03,2.4860493631748857
2024-07-05,2.5546321916446515
2024-07-08,-0.7865990774347974
2024-07-09,-0.9565322367084766
2024-07-10,0.6423190591299147
2024-07-11,-2.1720901163740036
2024-07-12,1.976558846027169
2024-07-15,-1.5228992799344938
2024-07-16,-1.8946302202244323
2024-07-17,-1.0177538893199707
2024-07-18,-3.070070876037587
2024-07-19,-1.1078471169803832
2024-07-22,-0.9167236684088352
2024-07-23,-0.8286871976554548
2024-07-24,-1.1400955993048967
2024-07-25,0.3288126532432464
2024-07-26,-0.1947274275511693
2024-07-29,-1.0408474810337234
2024-07-30,0.02462533816531066
2024-07-31,2.3593370826798465
2024-08-01,-2.2732313002838964
2024-08-02,0.42942027995811605
2024-08-05,-2.4790595806567066
2024-08-06,0.6878875148857098
2024-08-07,-1.8619202580670493
2024-08-08,0.1902933224108223
2024-08-09,0.8832886712819966
2024-08-12,1.8668821145433863
2024-08-13,-0.46965985076530037
2024-08-14,-0.2729112162162124
2024-08-15,2.792926345594375
2024-08-16,-0.2782287344871547
2024-08-19,0.9404466138288877
2024-08-20,-0.4088557498111929
2024-08-21,0.7682204488819919
2024-08-22,-0.9732768985843696
2024-08-23,1.283688121007074
2024-08-26,0.40447825990559616
2024-08-27,0.45013230541263666
2024-08-28,-2.0417457696083448
2024-08-29,0.06029682943513182
2024-08-30,-0.060296829435139594
2024-09-03,-2.764023713283298
2024-09-04,-0.31050851117505957
2024-09-05,1.432656102773891
2024-09-06,-1.557118096774766
2024-09-09,1.7286439839061352
2024-09-10,-1.0830794351846589
2024-09-11,1.0463569894938276
2024-09-12,1.217145342574411
2024-09-13,1.011089337881664
2024-09-16,0.906053645250728
2024-09-17,0.011872122205587119
2024-09-18,0.5797778381147516
2024-09-19,1.1262404495693232
2024-09-20,-0.10504611301073036
2024-09-23,0.17502301303588721
2024-09-24,3.2233120582951456
2024-09-25,-0.03387253064925078
2024-09-26,3.396927361253579
2024-09-27,-0.8770054674294605
2024-09-30,-0.9959156737551753
2024-10-01,0.8747270990222236
2024-10-02,1.3251060309858633
2024-10-03,-2.066469203084859
2024-10-04,0.454323643639212
2024-10-07,-0.07742044750523483
2024-10-08,-2.3962600218861736
2024-10-09,-1.3003527344187944
2024-10-10,0.6865063336545291
2024-10-11,1.5051426299758246
2024-10-14,-1.9966589598124318
2024-10-15,-1.45432392277103
2024-10-16,0.7182639183070337
2024-10-17,-1.0443370880604457
2024-10-18,1.3785382802360822
2024-10-21,-0.5306331502970384
2024-10-22,0.5766385567984585
2024-10-23,-1.005496962086994
2024-10-24,0.34786367081482633
2024-10-25,0.46194749226034765
2024-10-28,-0.17298446095611109
2024-10-29,0.011546014043166252
2024-10-30,-0.11547609895255664
2024-10-31,-0.32403544840676934
2024-11-01,0.7851309416842709
2024-11-04,1.3593268426589091
2024-11-05,0.9822251413223898
2024-11-06,-5.258911842530857
2024-11-07,4.344732129536776
2024-11-08,-2.840411106124903
2024-11-11,-1.7770402770283862
2024-11-12,-2.1968305360875098
2024-11-13,-1.3072124212538998
2024-11-14,0.1720105973916607
2024-11-15,-0.5416024015032468
2024-11-18,1.3972450366740778
2024-11-19,0.5341190903602937
2024-11-20,0.3263370719153779
2024-11-21,-0.7388136557883758
2024-11-22,-0.9527380066168888
2024-11-25,0.4286314657899552
2024-11-26,-1.29144583541395
2024-11-27,0.6908460270460658
2024-11-29,0.331395542562012
2024-12-02,-0.12261194171518171
2024-12-03,1.7150550571007217
2024-12-04,-0.09651810670761947
2024-12-05,-0.1691427036356159
2024-12-06,0.08460711338127913
2024-12-09,2.033065993438071
2024-12-10,0.0
2024-12-11,-0.22517461047863419
2024-12-12,-0.4518987951738658
2024-12-13,-1.102599903417866
2024-12-16,-0.13265764037010605
2024-12-17,-1.2629201966152837
2024-12-18,0.20753470143054886
2024-12-19,-1.9580631900887508
2024-12-20,0.5085840171359418
2024-12-23,-0.4464324542501597
2024-12-24,0.6565579702973879
2024-12-26,0.5540871925046577
2024-12-27,-0.23357381500476102
2024-12-30,-0.41934444234102713
2024-12-31,-1.481686612946026
2025-01-02,0.06270129152066223
2025-01-03,1.2705730469062677
2025-01-06,2.1429735158766077
2025-01-07,0.8084555631823191
2025-01-08,1.597552148922448
2025-01-09,1.2225389355236114
2025-01-10,-0.11690706262276669
2025-01-13,0.49008054203461454
2025-01-14,0.34860233805795665
2025-01-15,1.1303415838173603
2025-01-16,1.163071682537297
2025-01-17,-1.6689905700843943
2025-01-21,-0.6128301580466994
2025-01-22,-0.9204786171019986
2025-01-23,0.653365469886998
2025-01-24,-0.2212010159230562
2025-01-27,-2.0369261459914085
2025-01-28,0.40361400459950497
2025-01-29,0.8728571240526836
2025-01-30,0.7138274803439134
2025-01-31,-0.6081895310409235
2025-02-03,0.7480180735855044
2025-02-04,1.1231533344878049
2025-02-05,2.0964651419344746
2025-02-06,0.42753387678843907
2025-02-07,2.833620944450219
2025-02-10,2.5642421391162977
2025-02-11,-2.28089383976497
2025-02-12,2.22769264194491
2025-02-13,1.499977402168932
2025-02-14,-2.3872587026951186
2025-02-18,-1.5473949459281644
2025-02-19,-0.6125566588133508
2025-02-20,1.1129332905545155
2025-02-21,-1.0471269367841867
2025-02-24,-0.9474510390437337
2025-02-25,-0.6886650883797669
2025-02-26,1.2405953665810794
2025-02-27,0.8331578098502571
2025-02-28,-1.4404511438083156
2025-03-03,1.364003047610815
2025-03-04,-1.0764556028160344
2025-03-05,5.144233767329024
2025-03-06,0.26189967355771215
2025-03-07,-2.029232994992041
2025-03-10,-0.9332316703541513
2025-03-11,2.14304551863798
2025-03-12,1.6944308576745182
2025-03-13,1.5947632797405604
2025-03-14,-0.5937733472506577
2025-03-17,1.305734210581981
2025-03-18,1.198830020340408
2025-03-19,1.6486654306514252
2025-03-20,0.17714450653270794
2025-03-21,0.049153251176830226
2025-03-24,-0.462985906017308
2025-03-25,2.322734568162919
2025-03-26,0.6346783846993167
2025-03-27,-2.2980646449998683
2025-03-28,0.29383651438670727
2025-03-31,-1.8258628772333623
2025-04-01,-0.019920859062432655
2025-04-02,0.0896173772384024
2025-04-03,-4.322195932757321
2025-04-04,-9.282933543076071
2025-04-07,-5.039936574332252
2025-04-08,-1.000432390887126
2025-04-09,1.156218083678486
2025-04-10,3.425278839115362
2025-04-11,4.225583427552606
2025-04-14,2.2593566204668045
2025-04-15,0.010848607792473151
2025-04-16,1.3570423950692179
2025-04-17,1.222711799716536
2025-04-21,-0.22216256357395653
2025-04-22,3.117593646950232
2025-04-23,-0.7212131979600238
2025-04-24,0.2994198022556291
2025-04-25,-0.2994198022556257
2025-04-28,0.051688786552588115
2025-04-29,-0.31052435334028017
2025-04-30,-5.607352061762226
2025-05-01,0.4594671450517154
2025-05-02,1.0099495402357292
2025-05-05,0.5925177969817894
2025-05-06,1.7039799034740595
2025-05-07,-2.5344934089104907
2025-05-08,-1.2094951453395206
2025-05-09,1.0902897168546433
2025-05-12,-0.7073377887293767
2025-05-13,2.224717385937727
2025-05-14,-1.5173795972083464
2025-05-15,0.7238909746494404
2025-05-16,-1.9348375337083321
2025-05-19,1.6977242579215401
2025-05-20,-0.30260346385719467
2025-05-21,0.3996732489320712
2025-05-22,0.22613382273055171
2025-05-23,3.3424580265433317
2025-05-27,-2.02812436660701
2025-05-28,-1.4111840791877541
2025-05-29,0.2043566522742006
2025-05-30,-0.02148995271001742
2025-06-02,3.8372934680767274
2025-06-03,-0.518450319141898
2025-06-04,1.1370771023053532
2025-06-05,1.0022539816397102
2025-06-06,-1.7140032791401298
2025-06-09,1.6325676622677046
2025-06-10,-0.5207608171614772
2025-06-11,-1.714026613943747
2025-06-12,0.42607923935449693
2025-06-13,-0.38443294507411074
2025-06-16,0.4880837537628862
2025-06-17,-0.5401492987357543
2025-06-18,0.9227140365298444
2025-06-20,-0.3929190570760154
2025-06-23,0.35163385627902444
2025-06-24,0.4943401982937207
2025-06-25,0.9407022913502858
2025-06-26,3.0568031659263943
2025-06-27,0.059211753286440016
2025-06-30,-0.7624898296181614
2025-07-01,0.3572071455522733
2025-07-02,1.9810456383350665
2025-07-03,-1.0150398354574053
2025-07-04,-1.5521100680582478
2025-07-07,-0.679797092175815
2025-07-08,12.44371105177899
2025-07-09,-3.634795017511664
2025-07-10,1.901523296442158
2025-07-11,0.2520242449624556
2025-07-14,-0.8486090965581885
2025-07-15,0.5605319385270239
2025-07-16,-0.8965419068541566
2025-07-17,-0.19121251718409393
2025-07-18,1.6630897874152062
2025-07-21,0.5809515450518906
2025-07-22,1.529990821973815
2025-07-23,1.705576477175168
2025-07-24,-0.3110981742288989
2025-07-25,-0.23395420911620401
2025-07-28,-2.967166185911239
2025-07-29,0.15180785029724259
2025-07-30,-0.599629800949131
2025-07-31,-25.171204689975507
2025-08-01,1.8758362788043486
2025-08-04,0.05664247692132296
2025-08-05,-1.1618793284061735
2025-08-06,0.6167912535331675
2025-08-07,-0.2850748171675486
2025-08-08,1.7433119829275943
2025-08-11,-0.7208064585246451
2025-08-12,1.9033274217507272
2025-08-13,-0.5895178664802648
2025-08-14,-0.39121324246723393
2025-08-15,0.30193399399284504
2025-08-18,-0.470071048434155
2025-08-19,-1.0827956116400377
2025-08-20,0.38483801407969137
2025-08-21,0.12418493801091872
2025-08-22,0.3604074293522632
2025-08-25,0.4262868581374612
2025-08-26,-0.3588608613992442
2025-08-27,-0.812182105277239
2025-08-28,1.1038585829641476
2025-08-29,1.22468306693877
2025-09-02,1.12237356170585
2025-09-03,-0.24102020135148045
2025-09-04,-1.5586431517168007
2025-09-05,-0.12262060033473832
2025-09-08,0.1783104664788798
2025-09-09,0.23355300255342215
2025-09-10,1.0827696674733929
2025-09-11,0.8861649127066409
2025-09-12,-0.04357457445814292
2025-09-15,1.4496124151625056
2025-09-16,-0.4844718213337427
2025-09-17,-1.347256315564885
2025-09-18,-0.658479329356115
2025-09-19,0.6147083897539443
2025-09-22,0.08751230140683836
2025-09-23,0.2511578062350339
2025-09-24,3.5989794692393504
2025-09-25,-1.1108339286396363
2025-09-26,0.32924609806409594
2025-09-29,2.6266398390743326
2025-09-30,-0.7464320808828171
2025-10-01,0.5293001339195736
2025-10-02,1.38769022067896
2025-10-03,3.214425535149481
2025-10-06,-1.4136641324961854
2025-10-07,1.2157573009370484
2025-10-08,-0.03962463037207051
2025-10-09,0.5829193522269696
2025-10-10,-4.57557121546095
2025-10-13,5.066926273930865
2025-10-14,-2.3808263054996024
2025-10-15,-0.17081338268076546
2025-10-16,-0.2819727655700685
2025-10-17,-0.5359277641309776
2025-10-20,1.3394668513055688
2025-10-21,-1.3698908181214555
2025-10-22,0.6268373163631187
2025-10-23,2.4097514963004136
2025-10-24,0.22604026481397219
2025-10-27,0.9185120348577347
2025-10-28,0.0
2025-10-29,1.7929906683502659
2025-10-30,-3.016277423724716
2025-10-31,-0.2464690218088246
2025-11-03,-0.3658812833263493
2025-11-04,-2.4266670048338406
2025-11-05,0.7483036775056278
2025-11-06,-0.35323091084347047
2025-11-07,-0.15176195049082092
2025-11-10,2.972781297719295
2025-11-11,-0.7597063291670922
2025-11-12,0.808840261445936
2025-11-13,-0.03930146523042039
2025-11-14,-0.7497343296060943
2025-11-17,-0.9851313783992952
2025-11-18,-0.7528247203173337
2025-11-19,0.9126948000411297
2025-11-20,-0.9731717101725798
2025-11-21,0.9831592742830272
2025-11-24,-0.9327625128735287
2025-11-25,0.7529003250223698
2025-11-26,2.078460076161925
2025-11-28,1.5743829246684975
2025-12-01,0.6439489345742294
2025-12-02,-1.117547079059991
2025-12-03,2.8084817441979566
2025-12-04,-0.31133561458664827
2025-12-05,1.6958269780918607
2025-12-08,-0.3256863006542899
2025-12-09,-2.3386275095255216
2025-12-10,0.6656519081847274
2025-12-11,2.8313075901739357
2025-12-12,-2.679770979515132
2025-12-15,1.035592520255418
2025-12-16,-0.9693707758661558
2025-12-17,1.436575793862482
2025-12-18,0.05591393541615224
2025-12-19,1.3511209772042312
2025-12-22,-0.03677218149657127
2025-12-23,0.7055480360070149
2025-12-24,0.41004274057811024
2025-12-26,4.759000584167537
2025-12-29,-4.904598883016795
2025-12-30,4.225980749303422
2025-12-31,-1.7169666206612835
2026-01-02,0.1774579358618047
2026-01-05,4.921225150580179
2026-01-06,1.4411638803103235
2026-01-07,-3.409949050896024
2026-01-08,-1.0817465155150152
2026-01-09,1.8790451803464538
2026-01-12,2.1874933032647856
2026-01-13,-0.2509469057374457
2026-01-14,0.6511423888848364
2026-01-15,-1.020329524776686
2026-01-16,-2.71818592347448
2026-01-20,-0.2681326556787939
2026-01-21,-0.7563600184284361
2026-01-22,0.22663907619747448
2026-01-23,2.8920358078275954
2026-01-26,1.2274291330000235
2026-01-27,-2.6329633060980426
2026-01-28,1.0920700845244964
2026-01-29,4.690949442569506
2026-01-30,-4.614611810401607
2026-02-02,-1.632724135572056
2026-02-03,4.400577841713018
2026-02-04,-3.9791561059169798
2026-02-05,-0.46452431480401185
2026-02-06,1.1061263030683612
2026-02-09,1.3803843930585742
2026-02-10,-0.8276419658565644
2026-02-11,0.8948978968438961
2026-02-12,-3.0377758462980524
2026-02-13,0.3718620752630526
2026-02-17,-2.7921838989149648
2026-02-18,2.8094448608724636
2026-02-19,-1.102105618140487
2026-02-20,1.747295267048268
2026-02-23,-0.9996651615555127
2026-02-24,2.565121835476392
2026-02-25,0.9493868339474848
2026-02-26,-0.5450026589920929
2026-02-27,0.9622278291953983
2026-03-02,-1.8489498291913744
2026-03-03,-2.074119875139384
2026-03-04,1.401752384407531
2026-03-05,-1.757458022170611
2026-03-06,0.06950803071056876
2026-03-09,0.7527605872309205
2026-03-10,1.7685948080979341
2026-03-11,-0.9957921186446864
2026-03-12,-0.3598959893190912
2026-03-13,-1.9066377588966943
2026-03-16,1.3211876292665503
2026-03-17,-1.111414211910309
2026-03-18,-3.05861588241428
2026-03-19,-2.20268873083426
2026-03-20,-1.6797736235749179
2026-03-23,1.7993370747035806
2026-03-24,-0.3130129888579305
2026-03-25,1.9449943827491212
2026-03-26,-1.5033763846452748
2026-03-27,0.3756852986170725
2026-03-30,0.16448554664745388
2026-03-31,2.015710023281123
2026-04-01,0.6511190388170776
2026-04-02,-1.0905599959187335
2026-04-06,0.3678236070027349
2026-04-07,-0.700938080004491
2026-04-08,3.804424731409376
2026-04-09,-0.1998676585020025
2026-04-10,2.1087830597987827
2026-04-13,1.781159571001089
2026-04-14,1.56895372913927
2026-04-15,0.02470874559217801
2026-04-16,-0.09061811693833574
2026-04-17,0.6080495681017648
2026-04-20,-1.112085538453391
2026-04-21,-0.5732044023659669
2026-04-22,1.9552618230260894
2026-04-23,-0.7297785574562695
2026-04-24,-0.8595812225127151
2026-04-27,-0.09134808991143975
2026-04-28,-1.7347996133907504
2026-04-29,-0.6105378262061945
2026-04-30,0.8047844376794507
